PID,C01,C02,C03,C04,C05,C06,C07,C08,C09,C10,C11,C12,C13,C14,C15,C16,C17,C18,C19,C20,C21,C22,C23,C24,C25,C26,C27,C28,C29,C30,C31,C32,C33,C34,C35,C36,C37,C38,C39,C40,C41,C42,C43,C44,C45
1378753,3,3,2,3,5,5,5,2,5,4,3,4,5,4,4,4,3,1,4,3,4,6,7,5,5,5,5,4,3,4,5,5,5,4,6,4,4,6,6,6,3,4,4,6,6
1437006,5,3,2,5,3,4,2,1,4,5,1,3,2,3,4,2,4,3,3,3,2,5,2,1,5,5,4,6,5,6,6,7,7,6,7,6,4,6,5,5,5,7,6,5,5
519146,4,4,3,6,3,1,3,3,4,1,1,4,2,2,2,2,3,2,3,4,4,3,4,5,6,5,5,3,3,5,4,4,6,4,5,2,6,7,4,5,3,5,5,6,7
209377,3,6,6,3,3,3,3,3,5,4,4,6,2,1,5,6,4,5,4,4,5,7,7,4,6,6,5,6,4,4,5,2,7,3,5,4,7,4,4,3,5,5,4,3,5
1352536,5,5,5,4,4,5,4,5,5,4,5,4,4,4,4,4,4,3,1,1,5,3,1,4,7,6,6,6,5,2,5,7,7,3,7,6,4,6,6,2,2,5,6,3,5
258812,4,4,5,4,4,4,4,4,4,4,4,5,5,5,5,5,7,7,4,4,5,5,6,6,6,6,6,7,2,5,6,4,5,6,4,3,5,3,3,3,5,2,3,7,1
1279429,4,3,5,5,3,3,3,2,3,3,2,6,6,5,7,5,5,4,4,4,6,7,7,5,4,2,5,1,3,4,6,6,5,4,5,5,4,5,2,1,5,2,7,6,6
1108014,5,2,3,7,2,4,1,4,4,6,6,4,5,3,4,4,2,3,5,3,4,4,5,5,5,6,3,7,6,4,4,3,3,4,4,5,4,6,5,5,5,3,4,6,5
1390171,5,5,3,3,2,4,4,2,5,4,4,3,7,3,5,6,3,4,2,4,6,4,7,3,3,4,5,5,3,4,5,5,4,4,7,5,6,5,3,5,3,1,4,7,5
687701,2,4,4,4,2,3,3,4,4,2,4,5,4,2,3,4,3,3,6,1,5,6,6,5,6,5,6,5,4,5,4,5,3,7,7,3,5,5,4,5,4,3,5,4,5
1090454,4,3,5,5,4,4,5,4,4,4,4,3,4,3,4,3,4,4,5,1,3,3,5,2,5,5,5,6,4,6,5,2,6,3,5,5,7,6,6,5,4,4,7,6,6
1228685,4,1,3,5,5,3,4,4,4,3,3,3,3,3,5,3,4,4,5,2,4,5,4,4,5,5,5,2,3,5,5,6,6,4,7,6,6,6,4,7,6,4,5,5,6
1374406,4,3,4,6,4,4,4,4,5,4,4,5,5,5,5,5,4,4,3,1,6,4,6,3,5,6,6,7,5,5,6,2,7,7,7,5,1,4,2,5,6,1,4,1,5
737235,3,3,4,5,3,5,2,2,5,5,2,3,3,3,2,2,4,4,5,4,1,5,2,4,5,4,4,4,4,7,6,7,5,4,7,5,7,6,6,6,4,4,6,1,5
1374597,5,6,7,2,5,2,1,3,6,1,2,6,6,4,1,5,2,2,3,4,3,4,5,5,7,4,7,4,4,5,3,4,5,4,6,4,6,7,5,2,5,4,6,3,5
1271032,4,3,1,1,3,3,3,3,4,4,3,4,5,2,4,4,2,3,4,3,6,5,7,5,5,5,4,5,4,6,5,5,5,4,5,6,6,7,6,7,5,5,6,6,7
177695,3,3,2,6,3,3,6,1,4,2,3,4,4,2,4,4,3,2,4,1,4,5,4,4,5,5,5,4,2,4,4,4,5,5,5,6,6,7,4,6,5,3,7,5,6
286650,4,5,5,5,6,5,4,5,4,6,4,6,4,5,4,3,4,2,5,4,5,6,5,7,6,6,7,4,5,4,5,2,3,5,4,6,3,2,4,3,3,3,4,4,1
251289,3,3,4,4,7,5,2,3,5,7,4,5,3,4,1,4,5,2,2,3,3,6,2,1,4,4,3,4,1,5,4,4,6,2,3,4,4,4,4,7,3,2,3,3,2
1329219,4,5,4,4,4,2,4,3,3,5,4,5,5,1,4,2,4,3,4,4,6,6,3,5,7,5,4,4,6,5,5,5,6,4,7,7,6,7,4,5,6,3,5,5,6
432856,5,4,4,4,5,4,4,4,4,5,4,5,3,3,7,4,6,6,4,4,5,5,5,5,2,2,4,6,1,6,6,7,7,7,2,3,6,4,3,5,5,4,5,5,6
1282061,5,4,2,5,3,2,2,3,2,3,3,4,4,1,5,4,4,5,4,5,4,5,4,5,7,7,6,5,4,5,5,5,4,4,4,6,4,2,6,4,6,5,7,3,3
1317370,3,3,5,6,3,3,4,3,4,5,3,6,6,7,7,5,6,5,4,4,4,4,4,4,5,5,3,1,4,2,7,6,7,4,6,4,5,3,5,5,5,5,6,2,5
1424436,3,4,3,3,4,4,2,2,4,1,3,4,5,5,6,5,1,3,2,4,7,2,2,1,6,3,3,3,2,3,3,3,1,3,2,4,4,5,6,5,5,4,5,5,5
1354071,4,1,7,4,2,2,4,2,1,1,4,4,3,4,4,3,3,3,4,6,6,4,6,6,4,4,4,5,5,3,5,3,5,5,5,3,3,5,2,3,3,3,5,3,4
1415044,1,2,7,6,5,4,4,3,3,2,2,5,7,4,6,6,3,2,5,5,4,6,7,5,5,3,3,6,1,5,2,3,5,1,4,3,7,3,4,6,4,4,6,4,5
1369002,7,4,5,2,7,5,5,5,6,5,5,5,6,6,7,7,4,5,3,3,4,3,4,2,4,5,5,3,4,4,4,4,4,4,4,6,3,5,3,6,3,1,4,4,5
988735,6,4,5,4,6,6,6,6,6,4,6,5,5,3,5,3,5,5,5,3,3,5,3,2,5,5,3,4,4,4,4,3,3,4,4,7,3,4,4,2,4,1,3,5,5
1113664,5,3,2,6,3,3,3,4,5,3,4,6,6,1,6,6,2,2,5,2,5,5,2,5,1,2,2,7,5,5,6,5,6,4,4,4,4,4,4,4,4,4,4,4,4
960517,2,2,5,7,2,4,5,2,2,4,3,7,6,5,5,7,6,6,6,6,5,6,5,5,1,1,1,3,3,4,5,5,5,4,5,4,2,3,2,1,7,4,6,5,4
1294992,7,7,6,6,6,1,4,1,2,4,7,2,2,2,4,2,3,5,4,1,4,4,5,4,4,1,6,2,2,3,3,3,3,3,3,7,5,6,6,3,3,3,3,3,6
1380806,6,5,3,4,1,5,1,3,7,4,2,4,2,3,2,4,7,6,3,5,3,5,3,6,3,3,2,1,5,4,3,3,6,5,5,4,5,4,4,5,4,4,4,5,4
1418604,4,4,7,4,4,5,4,6,4,6,6,7,3,1,3,4,3,3,2,3,5,5,5,4,5,4,3,4,1,4,3,2,5,3,7,6,5,5,6,6,7,4,4,5,6
1443039,3,3,3,3,3,2,2,4,3,2,2,5,5,5,5,5,3,1,4,4,4,4,4,4,7,6,6,5,5,5,2,3,3,3,3,4,4,4,3,5,4,5,4,4,4
1051543,4,3,5,5,3,4,2,4,4,4,4,6,6,5,5,6,5,4,5,4,5,6,6,5,3,3,3,1,4,5,4,2,4,4,7,3,3,3,3,5,5,3,3,5,3
1372277,3,2,6,7,4,2,4,2,1,3,4,7,5,5,7,5,6,4,4,4,3,2,4,3,2,4,3,4,4,4,1,1,1,3,4,6,5,4,2,5,6,3,5,7,6
1270316,4,4,5,5,4,4,4,4,4,4,3,5,5,5,5,5,5,5,4,4,5,4,5,5,3,3,3,2,2,2,4,3,4,3,4,6,6,1,6,6,7,6,7,6,6
1106089,3,3,3,4,4,3,4,3,4,3,4,5,5,3,5,5,2,4,5,4,6,4,6,5,4,4,5,5,3,4,7,4,6,1,2,5,4,5,3,6,5,4,6,6,5
1211243,4,3,3,7,5,4,5,3,4,4,5,4,5,3,5,4,3,2,3,3,3,6,7,6,1,1,2,4,4,5,4,5,4,4,5,5,5,4,4,6,6,4,6,5,6
377235,3,3,5,5,4,4,4,4,4,4,4,7,6,4,4,6,6,5,6,6,6,6,7,7,4,3,3,5,4,5,3,5,4,5,3,5,2,4,4,5,3,2,5,5,1
1111644,4,4,5,5,5,4,5,4,5,4,5,4,3,4,2,3,2,1,4,5,5,5,4,5,7,7,4,7,4,7,4,6,6,6,6,4,5,3,5,6,6,4,3,3,3
1339426,5,5,4,5,5,6,5,5,6,5,5,4,7,4,1,2,3,2,4,4,4,4,7,4,6,5,4,3,3,3,6,4,4,4,4,7,3,6,7,5,6,3,5,6,5
423256,2,2,7,5,3,2,5,2,2,5,5,4,6,4,6,6,3,3,5,4,5,4,5,6,1,2,7,5,4,5,4,4,6,3,5,6,2,6,4,1,5,7,3,7,3
256308,6,4,7,1,4,6,4,4,7,7,2,4,5,5,6,6,2,2,3,4,6,7,5,5,1,1,1,2,3,2,5,3,5,4,6,6,5,2,4,5,3,2,4,5,5
714147,4,3,4,4,4,4,3,3,4,5,4,2,2,1,1,3,3,3,4,3,3,4,5,3,5,5,5,5,4,5,5,5,5,4,5,5,6,7,6,7,4,4,6,6,7
320166,3,2,6,6,3,1,2,3,1,3,2,4,5,1,4,5,4,2,5,3,5,7,6,4,7,5,5,7,2,6,4,4,3,1,3,6,4,5,5,7,5,5,6,5,6
1145443,5,4,7,2,5,6,5,4,5,5,4,2,4,3,3,1,3,3,3,3,2,6,2,4,1,2,1,6,4,6,4,3,5,4,7,3,5,6,5,5,7,4,5,6,7
507457,4,4,5,6,4,4,2,2,5,3,4,3,2,4,3,1,4,3,2,3,4,6,3,4,5,5,4,6,4,5,5,6,5,4,7,6,6,7,5,6,4,4,7,5,5
477499,4,3,2,6,4,5,2,5,4,5,4,3,5,5,4,6,3,5,3,3,5,4,6,4,2,2,5,5,3,3,6,4,4,2,5,1,4,7,3,2,6,4,5,3,5
432606,3,3,3,7,5,5,5,3,5,5,3,2,5,2,4,1,2,1,3,2,3,6,3,5,7,7,7,2,5,5,6,6,6,5,5,6,4,4,6,4,4,4,4,5,6
46190,4,5,5,4,3,4,4,4,3,3,3,5,5,5,5,5,6,6,6,5,7,6,7,7,2,1,2,5,4,5,4,3,4,3,4,7,4,4,4,5,4,6,5,6,6
1356449,5,3,7,5,2,1,5,2,5,2,3,5,5,3,5,5,4,4,5,3,4,4,4,4,3,5,6,7,5,5,4,3,4,2,3,6,6,2,6,6,7,3,6,6,7
1434179,5,3,4,5,4,5,4,4,4,4,4,2,6,3,3,5,6,5,7,7,5,6,6,4,4,2,2,6,2,3,5,3,4,4,5,7,4,4,1,5,4,2,7,6,5
1390322,7,3,7,4,3,3,3,4,4,3,6,6,5,5,5,6,3,2,5,3,5,4,6,4,6,5,6,5,3,5,5,5,5,4,5,1,6,4,4,4,2,3,7,4,4
1325413,5,4,5,4,5,5,6,4,6,4,6,4,6,6,5,6,3,2,5,5,1,4,5,4,5,4,5,7,4,3,3,3,2,3,7,7,4,3,4,4,3,5,7,4,5
123607,5,3,5,2,1,5,5,5,5,3,2,4,4,4,4,4,4,4,5,6,5,6,6,5,3,3,3,6,6,6,5,4,6,5,7,4,7,4,3,4,7,4,4,4,7
1095593,6,5,5,3,5,4,6,5,5,5,6,1,3,4,5,5,4,3,4,5,3,6,7,7,4,5,2,4,4,4,4,6,7,4,4,3,3,6,5,4,7,2,6,4,5
672036,4,4,5,4,4,4,5,3,3,3,4,4,3,2,1,7,4,1,5,4,7,4,6,5,6,7,6,2,4,4,5,5,5,6,6,3,5,6,5,5,4,2,7,5,5
485582,4,5,4,3,5,4,3,3,3,3,5,4,4,2,4,4,6,3,3,2,4,5,1,4,6,3,7,4,6,4,3,5,3,3,3,2,4,5,2,6,2,5,2,5,2
277170,5,3,5,5,3,3,2,2,2,5,3,1,4,2,1,3,5,1,4,2,4,2,3,3,7,7,7,5,2,5,6,5,4,5,5,7,6,6,4,6,6,4,6,4,6
1138569,4,3,4,5,4,4,5,3,3,5,1,6,2,6,2,2,4,4,6,4,5,5,5,5,6,6,6,7,7,4,5,4,4,5,6,5,5,4,4,7,5,2,3,4,2
849526,3,4,4,4,5,4,4,5,5,5,4,6,6,6,6,5,6,5,2,1,5,2,3,3,4,4,4,5,5,4,5,4,4,4,5,6,7,3,7,4,6,5,3,7,7
158671,4,4,5,4,4,4,4,4,5,4,4,3,3,4,6,6,4,3,3,3,7,5,6,6,7,6,6,3,5,4,3,5,6,5,3,2,5,1,2,4,3,4,5,5,3
632422,5,5,5,5,5,4,5,4,5,4,5,7,4,4,4,4,7,7,4,6,4,6,4,5,7,2,2,5,5,5,6,6,6,6,6,3,3,3,3,3,3,3,3,1,3
196162,3,3,5,6,4,4,5,5,3,3,3,6,5,4,6,5,6,6,4,6,7,7,7,7,1,2,2,5,4,5,4,4,5,4,5,4,4,5,4,5,4,4,4,6,5
239334,5,2,5,7,5,5,5,6,6,5,6,1,1,1,4,1,5,3,4,5,5,4,4,6,7,6,6,4,4,4,4,5,5,5,6,4,2,3,2,4,2,2,7,7,3
1440555,4,4,4,5,3,4,4,4,4,4,4,3,2,6,2,1,3,3,4,3,3,5,5,4,6,5,6,5,4,6,7,6,5,5,6,5,5,5,6,5,4,4,7,3,5
391952,7,6,3,5,6,5,6,2,3,6,6,5,5,4,6,4,7,4,3,3,5,3,3,3,5,5,5,1,2,3,5,6,3,5,3,5,4,4,4,5,4,4,4,4,4
432365,4,4,4,6,3,5,3,4,4,3,4,6,6,2,6,6,7,4,4,4,4,7,2,4,6,1,6,3,7,7,5,5,5,5,5,5,4,2,3,5,5,2,5,5,5
1393920,4,2,3,4,5,6,4,3,6,5,6,5,4,5,4,7,3,2,5,3,4,4,5,6,3,6,6,3,4,3,3,4,4,4,1,4,3,4,2,5,2,2,3,3,3
1429085,4,5,2,3,4,4,4,2,4,4,1,3,3,7,7,3,5,5,6,6,6,5,7,5,5,5,5,4,5,6,5,3,5,4,5,4,6,4,4,4,4,4,7,6,6
496027,2,1,3,7,3,3,3,2,2,5,3,5,5,6,5,4,4,3,5,3,4,4,5,6,7,4,4,4,6,4,4,4,3,3,7,6,5,5,5,6,5,4,6,5,6
157119,3,2,5,6,2,3,3,3,4,4,4,4,5,4,5,1,2,2,4,2,4,7,3,4,6,6,6,5,3,3,6,4,5,5,7,7,5,5,5,4,4,5,5,1,5
457702,4,3,6,4,4,3,4,4,3,3,4,3,3,5,5,3,5,4,1,3,5,5,4,1,4,4,3,6,6,6,6,4,4,4,5,2,5,7,5,5,7,2,7,6,6
566219,1,1,3,4,1,2,7,2,5,5,1,5,5,6,6,6,5,5,4,4,5,4,4,4,3,4,4,5,4,5,5,5,3,3,4,7,6,6,5,4,7,2,6,7,6
332010,3,4,5,5,3,3,2,4,4,4,5,2,3,1,2,2,1,1,3,2,3,4,4,4,6,5,6,5,4,5,6,6,5,5,5,6,5,7,7,7,4,6,7,4,6
673429,3,1,3,7,4,2,2,4,3,4,3,6,4,4,6,4,4,4,5,5,4,5,5,5,5,5,5,5,5,5,5,6,6,4,4,4,6,4,7,7,3,4,7,6,6
294341,4,3,4,4,3,2,3,4,4,4,2,6,6,5,5,5,7,1,4,4,3,7,6,7,6,6,3,4,5,5,5,4,5,4,5,6,5,5,4,6,4,3,5,5,4
421643,5,4,6,3,4,1,3,3,4,2,4,5,5,4,5,4,2,4,4,5,4,3,5,5,7,7,7,5,4,5,6,4,4,3,4,6,6,5,6,6,6,5,5,4,7
698543,4,3,5,5,3,1,4,4,4,3,4,6,7,5,4,6,6,4,6,4,6,6,7,5,7,5,4,5,5,5,3,2,2,4,3,4,3,5,5,7,4,3,5,5,6
1320167,4,4,7,4,3,4,4,3,4,4,3,5,4,5,6,3,2,1,2,3,5,1,5,5,5,4,4,6,6,5,6,5,5,4,6,4,5,6,7,3,5,2,6,5,7
1364905,5,4,6,2,5,3,4,4,5,3,4,5,5,3,5,3,5,1,3,3,4,4,7,4,5,4,6,4,4,4,6,5,4,4,7,5,6,6,6,5,5,2,7,7,6
1375584,5,5,5,5,4,5,5,4,5,5,4,6,2,2,7,1,4,5,7,6,3,3,1,2,4,4,7,5,5,4,2,6,6,2,2,5,3,3,3,3,3,3,3,3,3
1085662,4,2,6,5,1,3,5,6,2,1,3,6,5,4,6,4,7,4,5,5,5,7,7,5,5,4,4,2,4,5,5,4,4,6,6,5,4,3,1,6,5,3,7,4,4
1384564,3,2,5,6,2,4,3,2,2,4,3,6,3,1,3,7,3,3,3,3,4,4,5,4,5,5,5,5,4,5,5,4,5,4,5,4,4,6,5,6,4,4,4,5,4
1067027,3,4,4,5,3,4,4,4,4,5,4,5,5,4,4,5,6,3,2,1,2,5,4,5,3,6,3,4,4,6,6,6,5,5,6,3,7,7,3,3,3,3,7,3,6
1449803,4,5,6,4,4,4,3,4,4,4,5,2,4,2,6,2,3,3,4,1,3,4,2,5,7,6,2,5,4,5,5,6,7,5,6,6,6,7,7,5,4,5,5,5,5
1393665,5,4,5,4,4,5,5,4,5,5,6,4,1,4,3,3,5,4,4,3,2,4,3,2,5,4,5,6,5,7,6,6,5,5,7,4,3,6,6,4,7,3,4,6,4
1146839,5,5,4,5,5,4,4,3,5,6,5,4,4,2,4,3,3,1,4,3,5,4,4,3,3,4,2,6,5,6,5,6,5,4,7,7,6,6,5,7,4,6,5,4,7
1324902,3,3,2,2,3,1,3,7,3,6,3,5,5,4,4,5,6,5,6,4,2,3,6,3,5,5,6,6,2,3,5,5,4,4,5,4,4,4,4,4,4,5,4,4,4
1395371,3,3,4,7,4,4,4,3,1,3,2,6,4,5,6,4,3,3,4,4,4,4,4,3,4,5,3,2,4,4,3,2,3,2,2,5,5,5,5,5,5,6,5,5,5
1378770,3,4,4,5,5,5,5,4,4,4,5,4,4,4,1,4,6,6,4,4,4,7,3,7,2,3,2,5,5,5,3,5,5,5,5,4,3,7,6,3,6,6,6,3,3
1363197,3,4,4,5,3,2,3,2,5,4,4,3,2,3,4,2,3,1,4,4,1,5,4,4,6,6,7,6,5,6,5,6,7,4,5,5,5,5,5,4,4,4,5,3,5
1404105,7,6,4,3,4,4,5,5,5,5,5,4,3,2,4,3,5,5,4,2,3,2,6,3,7,5,5,4,2,4,4,5,5,1,6,5,7,7,6,4,4,3,6,6,6
812318,2,3,6,7,3,2,3,1,3,2,1,4,7,6,5,4,6,6,5,5,6,7,7,5,3,2,3,5,4,4,5,5,3,3,5,5,6,4,6,5,5,3,4,4,5
468555,3,3,3,7,1,1,3,2,1,3,2,5,2,1,6,4,3,3,2,2,3,2,5,5,7,7,6,6,3,5,4,4,6,2,7,3,6,5,5,6,3,4,4,5,6
583243,3,3,7,7,2,3,2,4,1,1,5,6,4,4,4,3,1,3,4,3,4,3,6,4,5,5,5,6,5,6,6,5,4,2,5,4,4,4,5,5,3,4,5,7,6
1250303,4,3,3,5,2,2,3,2,3,3,4,4,4,3,4,3,2,1,2,6,3,4,4,3,7,6,6,5,3,5,6,6,5,4,6,2,5,7,4,7,7,5,6,1,3
362607,5,4,7,4,5,7,1,5,5,5,5,5,4,5,4,4,4,4,1,1,1,5,5,5,2,2,2,3,2,2,4,4,7,5,4,6,4,6,2,6,2,4,4,4,3
1011309,2,5,5,5,5,5,5,4,5,5,5,7,5,7,6,6,6,6,3,4,3,3,4,4,2,1,2,4,4,4,5,4,7,6,6,3,4,3,3,4,4,3,3,3,4
348219,3,2,3,4,3,3,2,2,1,1,4,6,6,5,6,6,6,5,6,7,6,7,7,7,5,5,5,1,2,1,5,4,4,3,3,4,4,4,5,5,5,2,5,5,5
217047,3,3,5,5,3,2,4,3,2,3,2,4,5,4,5,5,6,6,4,3,5,5,4,6,1,1,1,7,4,4,4,5,5,5,4,4,5,6,4,6,5,4,6,7,6
290558,4,3,5,6,4,2,3,2,1,2,2,2,4,1,3,3,3,3,3,3,4,4,4,5,4,6,5,5,3,5,4,3,4,4,4,5,6,7,6,6,5,4,5,3,5
1271131,2,2,3,2,4,3,3,1,2,2,5,5,5,5,5,7,6,7,4,4,4,4,4,4,4,2,4,4,4,4,6,5,6,6,6,5,5,3,5,3,5,7,7,6,3
211557,4,4,3,4,3,4,4,5,4,4,4,4,5,3,5,4,4,3,3,6,3,3,6,3,6,5,5,7,3,3,6,1,5,1,6,5,6,5,4,6,5,4,2,5,2
292090,3,3,3,3,3,3,3,2,2,2,3,6,6,4,6,6,4,1,6,7,5,4,6,6,2,4,2,4,3,4,5,5,5,4,3,5,2,2,4,3,4,5,7,5,3
131215,3,4,3,1,2,5,2,2,4,3,1,5,4,4,5,4,2,2,2,3,4,4,5,5,6,7,6,6,1,2,5,6,6,4,6,5,7,7,5,7,4,4,5,5,6
426929,4,4,5,5,1,6,1,5,2,4,3,2,4,4,2,2,7,6,4,5,7,6,4,6,4,4,5,3,4,4,5,5,5,4,6,5,6,5,1,5,5,1,7,6,7
1357527,4,4,4,5,4,4,4,3,5,4,5,5,4,4,4,4,3,3,1,2,3,4,5,5,5,5,4,5,3,4,6,5,7,3,5,6,7,6,6,6,7,5,7,2,6
192148,3,4,4,5,3,5,3,4,5,4,5,6,4,3,6,2,3,4,7,1,2,6,4,4,3,5,4,4,3,5,3,5,4,5,3,3,5,5,4,3,5,5,4,3,4
332270,4,1,5,3,3,4,4,5,3,5,1,6,7,5,6,7,7,6,5,4,6,6,7,6,5,5,6,3,3,5,5,4,3,2,5,2,4,4,2,5,3,2,4,5,4
737407,5,3,5,4,7,5,4,5,7,4,5,4,4,1,6,4,6,5,5,4,4,6,6,7,1,2,1,6,4,6,2,1,6,7,2,4,5,4,4,4,5,3,5,5,5
680034,6,3,7,3,6,3,4,4,6,4,7,7,6,4,6,4,3,2,5,5,5,5,5,5,5,4,5,4,2,5,7,4,4,3,4,3,4,6,1,5,2,6,5,5,4
1408696,3,3,2,5,4,2,3,4,4,3,3,5,4,4,5,2,3,3,1,2,2,4,4,4,5,4,5,6,6,6,7,6,7,4,7,7,5,6,5,6,5,1,6,1,5
164268,5,4,5,5,4,5,5,4,4,4,4,3,3,4,7,4,5,4,3,3,3,5,5,3,4,5,4,2,4,2,6,6,6,4,6,7,5,6,1,6,5,3,7,3,7
95673,1,4,4,5,3,1,3,4,3,3,4,5,4,4,5,3,4,2,7,3,7,4,5,2,6,6,6,6,4,3,6,5,5,4,5,3,5,7,5,6,4,4,5,4,5
294309,3,4,6,3,6,4,4,4,7,4,2,3,5,3,4,3,4,5,3,1,7,5,5,3,5,6,5,3,4,4,5,3,6,5,6,3,4,3,5,4,3,2,4,5,4
1037688,3,2,4,7,3,3,2,3,3,1,4,6,6,5,6,6,4,5,4,5,6,5,5,5,4,3,3,7,4,6,7,4,4,4,6,5,5,4,4,4,5,3,5,5,5
386589,3,3,4,6,4,4,3,2,4,4,1,5,5,5,5,5,2,5,5,4,5,1,6,4,7,4,7,6,5,6,4,5,4,4,5,4,6,5,3,7,3,4,6,6,7
349556,4,3,3,5,4,3,4,4,5,3,4,4,4,3,5,4,4,4,4,4,5,6,6,6,3,2,2,7,4,7,7,6,6,7,6,5,4,5,5,5,5,1,5,5,5
1309554,2,1,4,6,3,4,4,2,3,3,4,7,6,5,6,7,7,7,5,4,4,5,6,5,4,5,3,5,4,5,4,4,4,5,5,6,3,6,5,2,3,4,5,5,6
279238,5,4,7,7,6,4,4,4,2,7,3,5,3,3,5,5,3,3,3,3,5,3,3,3,5,5,2,6,5,4,6,6,6,6,6,1,5,7,2,2,2,5,5,5,2
1409716,4,5,4,5,4,2,5,5,5,6,7,3,5,5,5,5,4,3,4,4,4,4,4,4,6,6,7,4,4,1,6,5,6,6,6,3,1,1,3,5,3,1,2,3,5
470116,4,4,6,6,4,4,4,4,4,4,4,5,2,5,5,1,4,4,4,3,3,6,4,7,6,5,6,7,5,7,2,3,5,4,5,5,3,7,5,3,5,6,3,6,3
249378,4,1,4,1,3,4,3,3,4,3,3,5,5,6,4,5,1,1,5,3,7,7,7,7,4,4,5,3,2,2,6,3,6,6,6,5,6,5,4,5,5,2,5,5,6
276390,5,3,4,3,5,7,5,5,4,7,1,6,7,6,5,3,4,4,6,6,5,3,4,5,6,2,2,3,6,4,3,3,4,5,4,3,5,4,4,4,4,5,3,5,4
293384,4,1,7,6,4,4,4,1,5,3,1,2,3,3,3,2,4,3,2,2,1,5,4,4,5,5,6,7,4,4,6,3,5,3,6,7,5,7,5,6,6,5,5,6,5
955969,5,5,5,4,5,4,5,5,5,5,5,3,6,4,4,6,3,4,6,6,6,3,3,3,7,3,4,2,2,1,3,3,4,3,3,3,4,5,5,6,5,4,6,3,4
192256,4,4,4,5,4,4,3,4,4,5,3,2,4,1,3,1,4,2,4,1,3,4,4,3,7,5,7,5,4,5,5,6,5,4,6,5,6,6,6,6,5,5,7,6,7
1004934,4,3,5,4,3,4,3,3,4,4,3,3,4,4,6,3,2,1,3,3,3,3,7,4,6,7,6,5,4,5,6,5,6,4,6,5,4,5,2,5,4,4,5,5,5
1406297,3,1,4,5,3,4,5,4,2,2,3,7,7,6,7,5,5,4,5,5,6,5,6,5,4,4,4,3,3,3,4,2,2,1,4,5,5,2,3,5,7,3,6,6,6
382694,3,3,6,6,3,6,4,6,2,2,2,5,5,5,5,5,6,7,5,5,5,5,5,5,3,1,3,1,1,1,2,5,3,4,2,7,3,6,2,6,7,2,7,4,4
424701,3,3,6,6,4,4,5,4,4,4,4,7,7,7,7,6,5,4,5,2,3,5,3,4,6,5,5,6,6,6,3,1,2,4,3,5,5,5,4,5,4,3,5,4,5
389600,5,4,6,7,4,5,5,3,4,4,5,4,4,4,5,2,3,3,5,3,2,5,1,3,7,7,7,5,5,5,6,6,4,6,6,4,5,4,6,6,4,4,5,4,4
1440402,5,5,5,6,6,6,6,6,6,6,5,5,5,5,5,5,4,4,4,4,4,4,4,4,4,4,4,4,4,4,2,3,1,2,7,3,3,5,5,3,3,3,3,3,5
1271340,4,5,2,6,2,3,4,6,3,3,5,2,4,3,5,4,2,3,5,1,3,6,5,4,3,5,2,4,7,2,5,6,5,4,3,3,3,6,5,7,7,1,2,5,3
233992,3,3,4,4,3,3,3,3,3,3,3,1,2,2,4,2,3,3,2,3,4,4,2,2,6,6,6,6,7,7,5,5,5,4,5,4,5,5,5,4,4,4,5,4,4
1100630,3,3,4,5,3,3,5,3,3,3,3,6,6,6,6,6,5,5,5,5,5,5,5,5,3,3,2,1,2,3,3,6,4,4,2,7,5,1,6,4,5,1,4,4,4
1212952,1,2,3,6,3,3,2,3,2,2,4,5,5,4,5,4,4,4,6,6,5,6,6,5,3,5,3,4,4,5,4,4,4,3,5,5,5,5,4,7,4,4,7,6,5
943802,3,3,3,4,4,3,3,4,4,3,4,4,4,4,6,4,6,4,4,3,6,5,6,6,4,3,2,5,6,5,2,7,4,7,7,5,5,5,5,5,5,5,1,5,5
1056086,2,1,3,6,3,2,6,2,2,1,2,5,4,4,5,6,6,5,6,7,6,7,7,7,1,2,2,5,3,5,5,6,4,5,5,5,4,5,5,1,4,4,5,4,3
374108,4,4,7,7,3,3,1,4,2,3,4,6,6,4,5,4,1,1,5,2,5,4,2,5,6,6,3,4,5,5,4,3,4,1,6,7,7,6,5,5,4,5,5,5,5
1271031,1,2,4,7,1,2,4,3,1,2,3,5,6,5,5,6,4,4,6,4,7,5,5,5,1,2,3,4,4,4,7,5,5,5,7,6,4,4,5,6,5,3,5,6,6
1312634,4,4,5,7,3,4,3,4,1,1,2,6,6,6,6,6,7,4,4,5,6,5,6,5,5,4,5,4,4,4,2,2,4,2,7,2,5,5,3,5,5,2,3,5,5
630238,5,6,6,5,5,5,5,5,5,5,5,6,6,3,3,4,5,5,3,2,7,3,7,7,5,4,3,4,4,4,3,6,6,4,6,4,4,4,1,3,4,2,7,4,4
1210965,4,4,5,5,4,4,5,4,4,4,4,6,6,6,6,6,3,4,5,5,5,4,5,4,7,7,5,4,4,4,1,3,2,2,7,5,3,7,6,6,5,5,3,3,5
956903,5,1,6,7,1,2,4,5,1,2,4,6,7,5,5,5,5,5,4,3,4,4,5,6,1,2,2,4,4,4,3,4,4,3,3,6,5,4,3,2,5,4,4,5,5
192398,5,3,3,5,4,5,4,5,4,5,3,3,2,2,4,5,4,4,2,5,2,5,4,3,3,4,5,5,6,5,6,1,6,3,7,3,5,6,2,6,3,4,4,4,4
1351293,5,5,3,4,6,4,4,5,7,6,5,6,4,4,3,7,1,2,2,3,3,4,4,4,7,6,7,6,6,3,3,4,3,5,3,4,5,5,4,3,4,6,5,5,3
289960,5,3,5,3,6,4,6,4,4,6,4,3,3,4,3,3,4,5,1,2,2,4,6,2,5,7,3,6,4,6,5,5,5,4,5,5,3,3,3,5,4,3,6,5,7
287261,3,4,5,5,4,4,4,3,5,4,4,5,5,5,6,4,2,2,6,2,4,6,6,6,7,7,6,3,4,4,5,5,6,1,7,5,5,5,4,4,3,4,5,2,7
1106832,5,5,3,4,5,3,5,3,3,5,5,3,5,4,4,5,4,4,3,3,6,3,7,6,5,4,1,6,3,6,7,5,6,5,7,3,4,6,3,6,2,3,2,4,5
443044,4,1,4,6,3,5,7,5,2,3,2,3,4,5,7,4,4,5,3,2,6,4,4,3,3,2,5,5,5,6,6,1,5,3,4,4,6,3,4,3,5,3,2,6,3
265278,3,2,2,4,3,3,3,1,3,4,3,5,6,5,4,4,5,5,6,5,6,6,7,5,4,3,5,3,4,3,5,5,4,3,4,5,4,6,2,2,4,4,4,3,5
1435724,2,4,4,4,3,3,3,4,3,3,4,5,4,4,5,2,2,1,4,4,3,3,5,4,5,6,6,5,3,4,5,2,5,5,6,6,5,5,7,7,4,5,6,4,3
1441026,2,2,3,3,2,4,4,2,4,4,3,3,7,4,2,5,1,4,2,3,1,1,3,3,4,6,6,7,5,5,5,6,6,5,6,4,3,5,5,7,5,5,7,1,6
341673,7,5,7,3,4,5,4,5,6,1,3,5,4,1,4,5,5,3,3,4,5,2,6,6,2,3,3,6,4,6,5,3,4,2,4,5,7,2,4,6,3,4,4,4,3
78923,4,3,6,4,2,4,3,4,4,3,3,7,4,4,4,6,4,4,5,2,5,6,5,1,6,5,5,5,4,5,6,5,3,5,6,4,5,4,7,6,5,4,5,7,7
1191071,2,2,1,4,1,2,3,1,3,2,2,6,7,7,6,6,6,6,5,3,5,5,5,4,7,5,2,3,5,5,6,5,6,2,7,4,5,4,4,5,4,4,4,5,5
327695,4,5,6,6,4,4,4,5,6,4,4,4,3,3,2,3,3,1,5,4,6,5,5,5,6,6,7,3,7,7,5,5,5,5,5,2,4,4,4,4,7,4,4,6,5
528805,4,3,5,4,5,4,5,5,5,4,5,6,5,4,6,4,5,4,4,4,7,6,7,7,4,2,2,3,2,4,4,5,4,3,6,6,6,4,5,5,6,3,5,1,7
1447453,6,4,2,6,6,5,5,2,5,4,4,3,7,4,5,3,5,4,4,5,6,3,3,4,6,6,6,1,1,1,5,5,5,3,3,2,5,5,4,3,1,2,5,2,3
1135187,2,3,6,7,3,4,6,2,2,3,3,5,5,5,5,5,5,5,4,3,4,4,4,5,1,2,3,2,2,3,5,4,4,4,5,3,4,4,2,3,4,3,4,4,4
818409,2,3,5,7,3,2,5,1,3,2,3,6,6,5,6,5,5,5,5,6,5,6,5,5,7,6,6,5,4,4,3,3,5,3,4,4,4,4,7,4,7,4,4,3,4
920195,4,3,4,6,3,3,3,3,4,3,3,6,5,6,4,6,4,1,3,2,4,6,5,5,4,4,4,5,4,6,4,5,5,2,5,6,5,5,5,5,4,4,7,4,5
128379,4,3,3,5,4,4,4,4,4,3,3,4,4,4,4,2,4,3,3,2,3,5,5,4,6,6,5,5,4,6,6,7,7,4,7,5,5,6,5,6,5,1,6,5,2
1273293,3,2,5,7,3,1,2,2,3,1,3,7,5,4,6,5,4,4,4,4,6,7,5,7,3,3,1,5,4,5,4,3,6,5,6,6,5,5,5,4,6,3,5,5,6
165497,3,3,3,3,4,3,3,3,3,3,2,5,5,5,5,1,2,4,4,2,5,6,6,6,4,4,4,5,4,4,5,4,5,4,5,5,5,6,5,6,4,4,6,6,7
1018627,1,3,4,6,4,3,3,1,2,3,2,6,6,6,5,6,4,2,5,4,5,6,7,7,3,4,3,1,1,2,5,6,2,4,4,5,5,7,5,5,5,4,5,4,7
1098823,4,4,3,5,4,3,1,4,4,1,4,4,4,1,6,3,2,2,3,2,4,1,4,5,4,5,6,6,3,5,5,5,4,3,4,2,6,6,7,5,4,3,6,6,7
916133,5,4,6,7,5,4,4,3,5,6,4,5,5,5,5,3,3,4,3,2,1,4,4,4,5,4,2,3,4,4,6,5,6,5,7,4,7,6,5,6,4,5,7,2,6
794510,5,6,5,5,5,4,5,4,3,4,5,5,6,4,6,5,3,3,7,4,4,7,4,7,1,1,1,2,1,2,6,6,5,6,5,4,4,4,4,4,5,6,4,4,5
190186,6,5,5,4,5,5,6,5,4,3,4,6,6,6,3,6,6,4,1,7,4,7,4,7,2,2,4,1,1,4,4,3,4,4,3,4,4,5,4,5,5,5,5,5,5
1435717,2,2,5,5,3,3,2,3,4,3,3,3,1,2,2,3,4,3,5,2,5,6,6,5,4,3,5,4,4,5,6,4,5,4,6,5,5,7,7,6,4,6,7,3,4
728769,4,5,6,3,5,3,6,3,4,3,6,6,7,6,6,6,5,5,4,4,4,4,4,4,3,3,3,5,4,5,4,4,4,4,4,2,5,5,2,1,5,2,5,5,5
1109853,4,4,6,5,4,4,4,4,4,5,4,5,5,4,5,4,5,5,3,2,6,5,7,2,3,4,3,4,4,7,7,1,7,6,5,4,3,3,6,6,3,5,6,3,3
1371979,3,2,4,4,2,3,3,3,4,4,3,4,5,2,5,3,3,3,4,3,3,2,2,1,7,6,6,4,4,5,5,4,5,4,5,5,6,7,5,6,4,4,5,3,6
1016405,4,2,5,5,4,4,2,4,4,4,2,2,3,3,1,2,2,5,3,4,4,4,4,3,6,6,6,5,4,5,6,6,6,5,5,7,5,7,5,5,7,4,5,2,6
1399281,5,1,7,7,4,4,2,7,4,1,2,6,5,6,5,5,7,4,5,5,5,5,5,5,1,1,2,4,4,4,6,6,6,6,6,5,4,4,5,3,4,3,4,4,4
719842,3,3,6,7,4,1,4,3,3,2,6,4,6,2,1,5,3,4,4,3,2,5,3,4,7,6,1,3,2,3,3,5,4,7,6,4,4,4,5,5,4,5,3,5,4
1117323,5,4,4,6,5,4,4,4,5,5,3,5,5,2,5,3,4,2,3,3,4,5,4,3,7,7,4,6,1,6,4,6,4,6,4,6,5,5,5,7,6,4,7,3,5
1387567,2,3,6,7,3,1,3,2,3,2,3,4,4,4,4,3,3,2,3,2,1,5,3,5,6,7,6,5,4,6,6,5,5,4,7,5,5,7,6,5,5,4,5,1,5
1011980,1,4,5,7,5,2,5,5,4,4,4,7,7,6,7,6,6,6,5,2,6,6,5,5,3,4,2,3,4,4,6,4,2,4,4,3,4,3,4,5,5,4,5,5,5
1388611,4,3,4,4,4,5,4,5,4,6,4,2,2,3,3,1,2,1,2,1,2,5,4,2,4,4,4,5,5,4,5,6,5,6,7,5,5,7,4,5,4,5,5,3,2
1355310,2,3,4,3,3,3,4,4,4,3,2,6,7,7,5,6,1,1,5,2,5,6,5,4,5,6,3,5,7,6,4,3,6,4,5,3,5,6,5,5,4,4,5,5,4
796573,4,4,5,4,4,4,3,4,1,2,5,5,5,3,3,2,3,5,4,3,4,4,5,5,7,7,6,6,2,6,4,6,6,4,7,5,3,7,6,6,4,4,4,5,5
1032124,4,2,6,5,3,4,3,3,3,4,3,5,5,5,3,2,3,3,2,1,2,4,3,2,6,6,6,4,3,6,6,7,7,4,7,4,4,5,7,5,5,4,5,2,4
1083828,5,5,6,7,6,4,5,4,5,4,5,4,5,4,5,4,5,4,2,4,3,5,1,4,7,6,6,6,4,4,6,5,5,6,5,3,3,4,7,4,2,3,4,7,3
895651,4,2,4,2,1,4,3,4,1,4,4,7,6,6,6,6,5,5,7,5,4,7,5,7,6,5,5,3,4,4,2,3,5,4,5,4,6,4,5,6,3,5,5,4,5
1019334,3,1,4,5,2,2,4,3,1,1,2,5,4,4,6,4,4,2,3,4,5,4,5,5,7,7,7,3,3,4,4,4,6,4,1,7,6,6,6,6,5,5,5,5,6
1234496,4,4,1,4,4,3,4,5,4,4,4,5,6,3,5,4,5,5,4,2,5,5,4,2,5,5,5,6,4,6,3,7,3,3,7,7,6,6,5,7,6,4,6,5,4
1325049,1,3,5,6,1,4,4,3,2,2,2,6,6,4,6,6,7,5,6,5,5,6,7,5,4,5,2,2,1,4,3,5,3,4,5,7,5,4,3,5,5,4,7,4,3
357577,5,4,7,6,4,5,4,4,5,4,5,6,4,4,5,5,2,1,4,3,2,4,5,3,7,6,5,4,4,5,6,6,5,6,6,3,3,7,7,5,5,3,4,4,4
432403,3,4,5,5,4,3,3,4,4,3,4,3,4,4,2,3,4,4,3,6,5,1,4,6,3,3,4,3,3,4,5,5,7,5,7,4,7,5,5,2,2,5,7,5,5
1321654,4,3,4,4,4,4,4,4,4,4,4,5,5,5,5,5,5,5,6,6,6,6,6,6,2,3,3,1,1,1,4,3,3,3,3,2,1,5,2,5,7,2,7,7,5
144293,4,4,4,7,4,4,3,7,4,6,5,3,5,3,7,3,4,3,5,3,4,5,5,3,2,1,5,2,5,5,6,4,6,4,6,4,6,6,4,4,5,4,6,5,7
1083433,4,4,7,5,4,3,3,3,4,3,4,4,4,5,4,4,4,4,1,1,3,2,5,2,6,6,5,5,4,5,6,5,6,5,6,7,5,5,6,6,5,5,4,7,7
1138962,2,4,5,6,1,2,4,3,3,3,3,7,6,5,5,6,5,5,5,4,5,5,7,5,2,3,3,3,1,4,4,3,4,4,4,6,5,4,4,2,6,2,6,7,6
393751,2,1,4,4,3,3,3,2,2,2,3,6,4,4,5,6,5,5,7,5,5,7,7,7,4,4,4,4,4,5,5,5,5,3,6,5,4,5,3,6,6,3,6,6,5
1398238,1,6,7,2,6,1,3,3,3,1,6,2,7,6,1,3,7,3,4,4,4,4,4,4,3,5,2,3,5,5,5,3,7,5,5,4,3,3,4,4,3,4,4,3,4
1129718,1,4,6,3,2,3,2,4,4,4,3,4,4,4,4,5,4,4,7,5,5,5,6,3,7,3,5,5,4,4,6,5,6,5,6,3,6,7,5,7,5,4,6,5,5
206627,4,5,4,2,6,5,4,4,2,7,5,4,4,5,4,4,1,1,5,3,3,3,5,6,6,3,3,4,5,4,6,2,6,6,5,3,1,5,3,3,5,3,3,3,3
1377161,6,6,3,6,4,6,4,5,4,6,3,5,5,4,4,5,4,4,2,1,7,6,6,3,5,5,5,4,3,4,4,4,4,4,4,7,5,5,5,5,5,3,7,7,2
923145,3,3,5,4,3,3,4,4,4,3,3,3,3,2,3,1,4,4,4,2,3,4,4,4,6,6,6,5,3,5,5,4,5,5,7,6,7,6,4,6,6,5,7,4,4
280435,2,2,6,6,3,1,2,2,6,1,5,4,6,2,4,5,3,3,4,2,4,7,4,4,4,5,5,4,2,5,5,3,4,4,5,5,6,5,5,6,6,5,5,7,7
357920,2,2,4,6,2,2,3,1,2,2,1,7,6,5,6,5,4,4,6,5,5,6,6,5,4,4,3,1,2,4,5,5,3,3,4,5,5,5,5,6,4,3,7,7,5
1417036,1,3,2,3,5,2,6,3,4,3,4,6,4,4,4,5,6,5,4,1,3,2,4,2,5,4,4,5,7,6,3,2,5,2,7,1,5,4,5,6,3,3,6,5,7
661215,5,4,6,6,5,4,3,3,4,4,4,4,6,4,5,1,3,3,5,4,4,5,2,5,5,5,5,6,4,7,5,7,7,3,7,2,4,5,6,5,6,3,6,2,4
322088,4,1,1,7,4,3,4,3,4,2,2,6,6,4,5,3,7,4,4,5,5,5,6,5,6,5,2,7,5,6,7,5,5,6,6,4,4,4,4,4,5,2,5,4,5
452448,2,2,4,7,1,1,2,2,1,2,3,5,5,4,5,5,7,5,4,6,5,5,6,6,3,2,3,5,5,6,6,5,6,5,5,6,2,3,7,3,3,4,4,4,4
219929,4,5,5,5,4,4,6,4,6,4,2,6,2,4,2,5,3,5,4,5,5,6,6,5,6,3,5,3,7,1,2,2,4,3,6,5,4,3,3,4,5,3,4,5,4
709569,3,3,5,4,4,5,3,4,5,3,5,1,5,1,1,1,6,5,2,2,2,2,2,2,3,3,3,5,5,6,4,7,4,5,6,3,5,3,6,4,4,2,4,4,4
939939,4,2,3,2,3,1,2,3,4,5,3,5,4,4,4,4,3,4,3,3,4,4,4,4,6,6,5,5,5,7,3,3,3,3,3,5,5,6,5,6,5,5,5,5,4
1305292,3,5,3,3,5,3,5,4,3,4,5,2,3,3,3,3,5,5,2,5,4,5,5,2,6,2,6,4,4,4,3,2,6,5,5,4,4,6,1,4,4,4,4,4,7
1268740,3,6,6,1,6,1,3,1,2,5,3,2,6,3,2,7,5,5,1,4,4,2,3,2,7,4,4,4,4,6,2,2,3,6,3,6,5,3,3,3,7,7,5,5,5
677319,3,3,1,5,3,2,3,3,3,2,5,6,7,6,6,5,5,5,4,2,2,6,7,2,4,5,4,3,3,5,5,5,6,3,4,6,7,7,5,2,6,5,5,2,3
836402,6,6,2,6,2,2,7,4,6,6,3,4,4,4,4,5,3,3,5,4,4,6,2,5,5,5,5,2,4,1,6,5,2,4,2,5,4,5,5,4,5,4,4,4,5
1426213,4,3,5,7,1,3,4,2,1,1,2,6,5,5,6,4,5,6,4,3,5,4,6,5,1,2,2,3,2,5,7,5,5,4,7,4,6,5,3,6,5,4,7,5,6
522142,3,4,5,5,4,4,4,4,4,4,4,5,5,3,4,4,3,2,1,3,4,5,5,4,6,6,6,5,3,6,7,7,5,6,7,5,5,6,3,5,3,2,6,3,5
505341,2,1,1,6,2,2,3,1,2,2,3,7,6,4,5,3,5,1,4,4,5,7,6,5,4,5,5,4,4,3,6,5,5,5,5,7,7,6,3,3,6,3,6,5,3
1072259,1,2,4,6,2,2,3,3,2,3,2,4,5,4,5,4,4,4,4,4,4,4,5,5,4,5,6,6,4,5,5,5,6,5,7,7,6,6,6,7,5,4,5,5,7
1042076,4,2,6,5,3,3,2,6,5,3,4,3,3,2,4,1,2,3,4,1,4,2,7,5,5,5,4,6,4,5,5,1,5,3,6,5,6,7,4,6,7,2,7,5,6
1202794,4,3,3,5,4,5,3,4,4,4,4,4,3,2,3,2,3,2,4,2,1,5,4,3,7,7,7,6,5,6,5,5,5,5,5,5,6,6,6,6,4,5,6,3,5
797059,1,5,5,5,2,2,5,4,2,5,4,4,1,6,2,6,4,3,2,3,3,3,3,4,7,7,7,6,6,7,4,5,5,6,6,5,5,4,6,2,2,5,5,4,5
762282,3,5,5,3,2,5,5,5,3,4,3,3,6,4,5,2,5,5,4,4,7,4,4,7,3,3,4,1,1,3,7,2,3,7,6,6,5,5,5,2,6,6,6,5,6
1447817,6,7,3,6,6,6,7,2,5,6,3,5,5,5,5,5,6,6,4,3,4,4,4,4,3,3,3,2,2,1,2,2,4,3,5,2,7,4,1,7,1,1,4,4,2
1440637,3,3,6,5,4,4,4,4,5,4,4,3,5,3,4,3,5,3,3,3,1,4,3,4,5,4,4,4,3,4,6,6,6,4,6,5,5,6,6,5,7,2,5,2,2
1120736,4,4,6,3,4,4,4,4,5,5,3,6,3,5,5,5,2,2,4,2,5,7,7,4,7,6,4,4,4,6,5,5,5,4,6,3,7,5,5,6,6,4,5,3,1
252386,6,7,4,5,5,5,6,3,5,6,5,1,1,1,2,2,3,3,4,3,3,2,1,2,4,4,4,2,2,2,4,4,4,4,4,3,3,4,3,3,3,3,4,3,4
589533,6,3,5,3,5,3,5,5,6,7,5,3,5,5,6,3,6,2,3,6,5,6,6,7,3,4,3,4,3,3,4,1,2,3,2,4,4,4,4,5,3,4,4,4,4
489685,4,4,5,4,4,4,5,5,4,4,5,4,6,3,6,3,5,5,2,4,5,5,5,4,2,3,1,6,3,7,6,7,7,6,7,3,4,6,4,5,4,4,6,5,5
1359546,4,4,5,2,2,2,4,3,1,4,3,6,7,5,5,3,5,3,2,2,4,5,7,6,6,5,5,3,3,3,4,6,5,1,7,4,5,5,5,6,7,4,5,6,6
1251814,4,1,4,5,3,2,4,2,5,2,3,5,4,4,4,3,4,2,4,2,4,5,4,5,7,6,3,3,4,6,5,6,6,3,7,6,6,5,7,5,6,5,5,3,5
789,3,4,2,4,2,1,2,2,2,1,3,6,2,1,5,2,4,3,4,3,5,3,5,3,5,4,4,6,1,6,6,6,6,3,7,5,7,7,4,6,4,5,5,4,4
1288246,4,4,2,3,4,4,3,3,4,5,3,5,5,6,5,5,5,4,6,4,6,7,4,6,5,6,4,5,6,5,6,5,4,2,7,4,5,4,4,7,3,1,5,4,7
464104,4,5,2,5,2,1,3,2,3,4,5,5,2,2,4,4,5,4,4,1,2,4,4,3,6,5,3,3,3,5,6,5,5,4,5,6,6,7,7,6,2,1,7,6,6
518074,3,6,7,5,2,3,6,6,6,6,5,3,4,3,2,4,4,4,3,5,1,2,1,1,3,3,4,6,3,2,4,4,4,4,2,3,4,2,4,7,5,4,3,5,7
1044871,5,4,5,4,6,6,6,6,4,5,6,4,5,5,6,5,1,4,4,3,5,3,2,3,3,3,2,7,6,5,3,1,4,3,5,3,4,4,4,5,4,4,4,5,5
546441,4,2,7,7,4,4,6,4,3,4,2,5,5,2,7,1,6,3,2,1,2,6,6,6,3,4,4,6,3,5,5,6,4,5,3,3,7,5,5,4,4,5,4,5,5
1425223,4,3,6,6,4,3,5,4,3,3,4,6,6,4,6,6,4,5,5,5,5,5,5,5,1,2,1,4,4,4,3,4,3,4,5,5,5,4,4,4,7,2,7,7,6
579590,3,3,4,5,4,4,4,3,4,4,2,5,4,4,5,3,2,1,3,3,3,5,5,5,6,5,5,4,4,4,4,3,5,4,4,7,6,7,7,6,7,6,6,6,6
1379841,3,4,3,5,5,4,3,6,5,5,5,4,4,2,5,5,4,5,4,4,4,4,6,4,7,7,7,2,2,5,4,5,6,1,5,6,3,4,6,7,6,4,4,6,5
1233860,5,4,2,5,4,7,4,4,4,4,4,4,1,2,4,1,5,5,3,3,3,5,3,2,5,5,5,3,2,6,4,6,6,2,7,6,6,7,5,6,5,4,7,6,4
1392303,3,3,6,5,3,3,4,3,3,4,3,5,5,4,5,5,5,4,3,2,6,5,6,6,5,5,4,4,5,5,5,4,4,3,7,4,7,3,6,4,4,4,1,2,4
1110916,2,2,4,4,7,3,4,3,4,4,3,5,4,4,5,5,4,4,6,3,6,4,4,4,5,5,5,5,5,7,7,5,6,5,6,6,4,5,4,7,2,1,6,5,6
399647,3,3,4,3,3,5,5,4,1,2,3,7,4,7,4,7,6,4,5,5,3,6,2,4,5,1,1,3,2,4,5,3,4,2,4,6,4,6,5,1,6,6,5,7,3
1370253,4,4,4,4,5,3,3,3,5,4,1,4,5,3,5,4,3,4,3,2,2,3,6,2,7,5,5,4,3,3,5,4,5,5,4,7,7,5,6,3,5,3,3,6,7
1367835,4,4,4,6,5,4,7,3,6,1,3,5,3,6,5,2,3,4,4,5,5,6,4,3,5,5,2,5,4,5,4,3,5,4,6,3,2,4,5,3,5,3,3,3,3
192268,3,4,4,4,3,2,6,5,6,3,6,3,1,7,5,4,5,3,4,5,5,6,3,3,4,5,3,5,5,3,4,3,4,6,5,2,4,5,4,3,5,4,5,4,3
489651,2,1,2,2,2,3,2,2,1,3,1,5,6,5,5,4,6,5,6,5,4,6,4,6,4,4,5,5,5,4,4,4,1,4,2,4,3,4,3,7,4,4,5,3,6
425316,4,3,5,5,4,4,4,3,4,3,4,4,4,5,2,5,2,1,3,3,4,4,4,4,6,5,3,5,4,5,5,5,5,4,7,6,6,7,5,7,6,6,7,6,6
96386,6,6,6,4,6,2,4,4,5,4,3,4,3,3,4,1,4,2,5,6,4,4,5,3,5,5,5,7,4,3,6,6,5,4,5,7,3,3,4,3,5,4,5,5,3
901442,2,1,5,6,2,3,3,3,2,3,3,6,7,5,6,5,4,3,6,3,4,7,6,7,2,4,2,4,4,4,4,2,6,5,4,5,6,1,4,5,5,2,5,5,5
1276126,3,1,2,7,3,3,3,3,2,3,2,5,5,4,5,4,4,4,4,4,4,4,4,4,3,4,2,7,4,7,2,4,2,3,2,5,5,6,6,6,5,4,6,5,7
95811,4,3,3,5,3,5,4,3,4,4,5,5,4,1,5,2,2,3,6,2,2,4,5,5,6,6,4,6,5,7,7,5,6,4,7,6,4,6,4,4,5,4,5,7,5
261813,5,5,6,7,7,5,6,6,6,7,5,1,1,2,1,2,4,4,2,4,3,4,4,4,7,5,4,4,1,4,3,4,4,2,4,5,5,5,5,5,5,6,6,5,6
884360,6,4,6,2,2,5,4,3,4,4,5,6,4,4,6,4,4,3,4,5,7,7,7,6,7,4,4,5,4,6,1,1,5,5,4,2,3,5,5,5,5,3,5,5,3
148783,4,4,3,5,4,3,3,2,4,1,5,5,3,4,6,3,5,2,6,4,4,7,6,5,3,3,3,5,4,6,4,5,5,4,6,5,5,5,5,7,7,4,7,6,6
992877,3,3,2,5,4,2,2,4,4,3,3,5,5,3,6,3,3,1,5,4,3,4,3,3,7,7,6,6,3,5,5,6,6,4,6,5,5,6,5,7,5,4,5,2,5
288901,5,5,7,6,4,3,4,3,5,5,4,6,6,6,4,5,2,4,4,4,5,3,4,4,2,3,3,2,3,3,3,3,4,4,4,1,4,1,3,1,2,1,3,4,3
1073982,2,5,6,4,3,5,5,4,3,5,2,3,2,4,2,4,3,5,3,4,6,5,5,7,5,4,6,7,5,6,4,6,6,4,5,5,4,4,1,4,7,3,6,3,2
1044240,1,3,2,5,4,3,3,3,4,5,4,5,4,4,4,3,5,2,4,3,3,6,4,5,3,3,4,5,4,5,6,7,6,5,6,4,7,6,6,7,5,4,5,7,6
1287719,4,4,6,3,3,5,5,4,5,5,4,6,6,7,4,5,6,4,6,4,7,7,7,6,1,2,3,2,3,3,3,5,4,4,5,5,6,5,4,4,5,4,4,5,5
1421019,2,2,5,4,3,2,3,3,1,2,3,6,5,5,3,5,6,3,3,2,7,4,7,7,1,1,3,3,3,3,6,6,6,3,5,4,4,4,1,4,6,4,5,6,5
160766,5,2,3,2,2,4,2,4,3,4,2,4,5,4,5,2,4,4,5,3,4,6,5,4,4,5,5,3,4,6,6,5,7,2,7,6,5,5,5,6,5,4,6,1,6
1139184,3,2,5,5,1,3,4,3,2,2,2,4,4,4,4,4,4,6,4,4,6,6,5,7,4,3,1,3,4,3,4,2,6,4,6,5,2,4,3,3,6,6,5,5,3
160549,2,4,3,5,6,2,4,4,3,3,3,6,6,5,6,5,4,5,5,5,7,5,7,6,6,4,7,4,3,5,4,4,5,5,6,2,1,7,4,4,2,1,5,4,5
951520,5,4,4,4,4,5,5,4,4,3,5,3,4,4,4,3,6,2,4,4,4,5,4,4,3,3,5,5,7,7,3,3,5,5,3,7,6,6,2,6,3,1,6,6,7
156061,4,2,2,2,5,4,2,4,5,4,4,2,3,1,4,3,4,3,4,4,5,6,6,6,5,5,6,3,3,3,4,4,5,4,5,6,7,7,5,6,5,6,5,7,7
358392,2,3,5,6,4,3,3,3,3,4,3,5,6,4,5,4,3,3,4,3,2,3,5,5,5,5,5,4,1,4,4,4,4,4,6,6,7,7,6,6,7,5,7,5,6
478180,4,2,5,7,5,5,5,5,4,3,4,5,5,1,5,4,5,4,4,4,6,4,4,4,7,7,4,3,2,3,4,5,5,4,5,6,6,4,3,6,2,6,6,3,6
619216,2,4,1,4,4,4,7,5,6,4,3,6,5,2,6,7,5,3,4,4,5,5,4,4,5,3,3,6,1,5,5,3,5,3,4,4,4,2,5,3,4,6,4,5,3
1125091,3,3,3,7,3,3,3,3,4,3,3,3,4,3,4,1,4,3,4,4,4,4,4,4,7,7,5,4,2,4,1,5,1,4,1,6,2,2,6,6,6,2,2,2,2
580213,3,3,4,5,1,3,3,2,4,3,3,5,6,5,6,4,5,4,5,4,4,6,5,5,4,4,4,6,5,6,6,5,6,4,7,2,7,5,7,5,4,5,4,4,7
753121,4,3,3,5,3,4,1,1,5,5,3,2,3,2,3,2,2,2,4,1,2,3,1,2,6,5,5,6,5,6,6,6,6,4,7,6,5,7,7,5,7,5,5,5,5
847472,4,4,5,4,4,3,3,6,3,4,3,2,2,2,5,2,4,6,4,4,3,3,4,3,6,5,4,5,5,6,5,5,7,1,7,3,1,3,3,2,1,2,5,1,2
1435257,3,3,3,5,3,3,5,3,3,3,3,2,4,2,4,4,3,4,4,3,3,4,4,4,7,7,6,5,4,1,5,4,4,4,5,7,6,6,6,6,5,5,7,6,5
335931,3,2,6,6,3,4,4,2,2,3,5,7,6,5,7,5,5,4,5,5,6,6,7,6,4,3,3,1,3,4,4,3,3,3,5,7,5,6,1,5,4,2,5,5,5
1412439,4,3,6,5,3,7,5,4,4,4,4,4,6,4,4,4,5,7,4,2,2,1,2,2,2,2,4,4,7,4,5,2,6,5,5,5,3,3,1,5,6,5,3,5,6
412540,3,3,6,5,3,3,3,3,4,3,3,5,6,4,6,4,4,4,4,1,4,7,7,7,3,6,3,4,2,2,4,4,4,5,7,6,6,5,5,3,3,5,5,2,6
1287199,4,4,5,4,3,2,4,3,3,1,2,5,4,1,4,2,4,6,5,5,5,4,4,3,2,3,7,5,4,4,6,5,6,4,5,7,6,6,6,6,5,4,7,5,5
916607,2,4,5,3,5,5,2,4,5,5,2,3,2,1,3,1,3,2,4,4,4,4,4,4,7,7,7,3,3,3,6,3,6,1,6,4,4,6,4,6,5,4,4,5,4
503338,4,3,5,4,4,5,5,5,2,3,5,2,5,4,2,3,6,6,6,2,4,6,4,7,5,5,5,6,6,6,5,4,4,1,3,3,4,4,4,3,5,4,5,4,2
1101146,4,2,6,1,4,3,2,2,4,2,5,4,6,4,6,4,4,4,3,4,5,3,3,6,6,5,5,4,3,4,3,5,4,5,4,7,6,3,7,4,3,7,5,7,5
479449,1,5,3,7,2,5,6,2,3,5,6,5,5,6,2,3,4,4,3,5,3,5,2,5,7,4,4,4,4,4,2,2,6,3,4,4,2,4,6,7,1,3,5,1,4
158442,5,4,5,4,5,5,4,2,4,4,5,3,7,7,6,3,1,3,6,6,6,6,7,7,1,1,2,4,6,4,6,5,5,4,5,3,2,3,3,2,1,3,2,3,3
303598,3,4,7,6,1,3,4,2,2,3,3,5,5,4,4,4,4,3,5,3,6,4,5,5,5,7,4,4,4,5,4,4,6,3,5,5,7,6,5,7,6,5,6,5,6
603595,7,6,6,4,4,5,5,2,5,4,5,6,3,4,5,5,4,3,5,5,1,6,7,5,4,4,3,2,4,4,3,1,3,4,3,4,5,6,5,5,4,2,6,4,4
1431437,4,4,6,1,3,4,4,4,4,2,5,4,5,3,5,5,4,5,4,4,4,4,6,5,7,7,5,4,3,5,3,2,4,3,5,6,6,7,6,6,6,5,5,5,7
1014406,3,3,5,6,2,1,3,3,4,2,4,5,5,3,4,4,5,3,4,4,6,4,7,4,6,5,6,4,2,6,4,3,6,2,2,7,6,7,7,2,5,1,4,5,5
1353056,3,2,5,6,5,4,4,4,5,4,4,5,6,3,4,6,4,3,6,6,2,6,3,5,1,2,3,4,4,4,5,7,7,2,5,5,6,5,3,3,3,4,5,4,5
1360241,6,3,3,3,4,3,3,4,3,3,6,1,2,2,3,1,1,1,6,6,6,6,7,6,7,7,7,4,4,4,4,4,4,4,4,2,2,4,4,4,2,5,5,2,4
925855,3,3,7,6,2,3,1,2,5,4,4,6,6,5,5,4,2,4,7,5,5,7,5,7,6,3,5,2,1,4,4,6,6,1,5,5,2,5,5,2,1,6,3,5,4
504973,5,1,3,4,4,5,6,3,5,3,4,4,5,4,3,2,4,5,2,3,4,7,6,7,5,4,4,6,3,4,6,6,5,5,6,3,7,7,6,5,5,4,5,4,5
554830,3,4,6,5,5,4,5,5,3,4,5,5,5,4,4,4,4,4,3,1,7,5,7,7,4,5,4,4,3,4,2,4,3,2,7,5,6,5,6,6,4,5,6,6,6
66504,5,3,6,6,4,3,4,2,4,3,3,7,5,1,5,6,4,4,5,6,6,5,7,7,4,4,5,5,4,4,4,5,6,5,5,2,4,3,5,4,4,4,7,6,5
1415756,5,5,5,4,4,6,5,6,5,6,4,6,5,2,5,1,6,2,5,5,4,4,4,5,5,4,7,2,6,7,4,4,2,5,4,4,7,7,3,3,2,4,4,1,6
216387,4,4,5,6,3,2,4,5,3,3,3,6,5,4,6,3,6,5,2,1,6,7,7,5,5,4,4,5,4,6,5,4,5,4,7,4,4,5,7,4,4,4,5,5,6
1332977,4,2,5,6,4,4,4,2,4,4,2,4,4,5,5,3,3,2,5,1,3,4,5,4,7,5,5,5,5,6,5,5,5,4,6,3,6,7,7,6,4,4,6,4,7
1273800,5,4,5,5,4,4,5,5,5,5,4,4,3,2,4,3,4,3,6,5,7,6,6,6,1,5,4,6,6,5,7,3,7,2,3,3,3,4,4,3,4,5,7,4,4
689149,2,3,4,7,2,6,4,4,1,2,2,6,6,5,6,5,5,4,6,4,4,5,7,5,3,4,3,3,3,3,5,3,6,3,5,7,5,5,5,5,4,4,7,5,6
802648,3,2,5,6,4,3,3,3,3,3,4,2,5,2,2,1,1,1,5,3,2,4,2,3,7,7,5,5,4,7,5,6,6,2,6,5,6,5,7,6,6,5,3,1,5
1081074,4,4,5,5,5,4,4,4,4,5,4,4,3,3,7,1,2,2,5,5,6,6,5,5,7,5,6,5,6,5,3,3,6,3,3,4,4,7,6,7,4,3,6,4,4
1381886,2,5,2,2,1,2,1,1,2,3,2,4,4,2,4,1,3,3,3,3,4,3,3,3,7,7,6,5,3,5,3,3,5,5,6,5,5,5,4,7,4,3,5,5,4
1395917,3,3,5,5,4,4,4,3,4,5,5,6,7,7,7,6,5,4,3,2,4,3,3,3,5,4,4,5,6,4,2,1,2,4,5,4,7,6,4,5,6,5,6,5,5
1263117,4,3,5,5,4,3,4,3,3,3,3,6,6,3,5,4,4,5,5,3,4,3,5,4,4,4,4,4,5,1,3,4,5,2,5,2,5,6,5,7,7,5,6,7,3
247900,5,4,5,4,6,4,5,3,6,3,3,6,4,3,6,3,5,3,4,5,5,4,7,6,5,4,4,7,5,7,5,6,7,4,6,5,5,2,4,4,4,2,5,1,2
1128157,4,4,4,5,4,3,3,4,4,4,4,4,4,3,4,4,5,3,3,6,6,5,5,6,5,5,6,5,3,4,6,3,5,6,5,7,2,7,1,4,7,2,5,5,6
1285262,4,4,4,5,5,5,5,5,5,5,5,3,4,5,4,3,4,2,2,2,3,7,3,7,6,4,4,4,5,3,7,6,3,4,4,5,3,6,4,1,6,4,4,5,6
542630,3,4,3,5,3,3,4,4,3,4,4,7,6,6,7,6,2,1,5,6,5,6,6,5,2,3,1,1,5,3,5,5,6,3,7,2,5,4,5,2,2,2,5,4,1
1242802,2,4,6,7,4,4,4,3,2,2,2,7,6,4,6,5,6,4,5,6,7,6,5,4,1,1,1,2,1,3,5,5,6,2,4,5,4,3,3,5,5,3,4,5,7
380106,4,4,6,6,4,4,4,6,4,4,4,5,5,2,5,5,4,3,7,1,5,7,7,5,2,3,4,3,5,5,5,3,7,6,5,3,3,4,4,6,3,4,6,5,6
1371883,3,3,5,5,3,3,3,3,3,5,3,7,1,6,7,1,3,3,5,1,3,5,5,3,2,6,6,2,1,2,4,5,4,5,5,2,6,2,6,4,2,6,6,2,4
1264590,2,2,6,6,3,3,4,3,2,2,1,3,6,1,4,4,7,7,6,4,6,5,6,6,7,2,7,1,4,2,5,2,5,5,4,3,3,4,4,3,3,1,5,4,3
839006,3,3,5,6,3,3,3,4,3,3,3,3,4,4,5,4,2,2,4,3,3,4,3,4,5,5,4,4,5,5,5,4,5,4,5,2,5,5,7,1,5,4,2,6,1
864609,6,6,3,1,3,6,3,6,3,3,3,4,4,2,4,4,7,2,5,5,5,5,5,5,3,6,6,5,5,5,5,3,5,5,6,4,4,3,3,4,4,4,4,3,4
1091352,5,1,3,5,4,4,4,4,5,4,5,4,3,2,2,3,4,4,3,4,4,5,4,4,3,3,4,6,7,7,6,6,7,5,7,4,6,6,5,5,6,5,6,3,5
593571,4,5,2,6,5,3,3,4,6,4,5,4,4,2,4,1,2,3,2,1,2,4,5,5,4,4,5,5,4,5,7,4,7,6,4,7,6,7,5,5,5,3,5,6,6
1147004,3,3,3,5,2,3,4,4,3,2,4,5,5,4,6,2,3,3,5,4,5,5,4,7,5,4,4,5,5,4,1,3,7,3,3,5,6,6,5,4,6,4,4,6,5
1406693,4,5,5,5,4,4,6,5,4,6,4,4,6,5,4,4,3,3,5,5,5,4,4,4,4,6,4,7,7,7,6,5,6,5,6,2,3,3,2,4,2,3,3,1,2
553307,4,2,5,5,2,2,5,3,5,3,5,4,4,3,4,3,4,1,3,4,5,3,5,5,7,7,6,6,4,6,6,4,6,5,6,4,5,6,4,5,4,4,4,5,4
1388122,3,4,3,4,4,3,4,4,4,4,6,5,5,4,5,5,2,2,4,4,7,7,7,7,5,5,5,5,4,5,5,1,5,4,5,6,4,6,3,6,3,4,6,6,6
252295,1,2,3,2,1,1,2,1,5,3,2,5,3,3,5,2,3,3,3,2,2,5,4,3,5,5,5,6,6,3,4,3,4,4,3,6,6,7,7,6,7,5,3,4,6
1391436,3,2,7,4,2,1,3,3,1,1,3,7,7,6,6,6,5,5,5,6,6,7,6,6,2,2,2,1,3,3,2,3,2,3,3,5,4,3,4,3,5,3,5,5,4
328297,2,4,4,7,1,4,5,4,2,1,2,4,4,4,5,3,4,4,5,4,5,7,6,5,4,4,4,2,1,3,3,3,3,3,4,3,6,6,6,6,7,7,3,6,3
375959,3,2,5,5,4,2,3,3,4,3,3,4,6,5,4,2,1,2,2,2,4,4,4,4,6,6,6,2,3,6,5,5,5,4,6,6,5,7,7,7,7,5,5,5,5
571051,3,5,5,4,3,6,4,4,4,3,4,5,3,3,4,4,2,2,3,2,1,4,4,1,5,7,4,1,4,6,7,6,7,2,7,5,6,5,6,6,6,4,5,4,5
31985,4,1,7,7,2,2,5,3,3,2,2,5,4,3,7,6,6,5,5,4,4,7,6,6,5,4,2,6,2,3,4,3,3,4,4,4,5,6,3,4,4,5,5,5,5
1447102,3,3,5,5,5,3,4,4,4,3,3,4,5,3,6,5,5,4,2,4,4,4,4,4,5,1,2,6,5,6,5,5,4,5,6,7,7,7,7,6,6,4,5,4,6
165778,1,3,7,2,2,4,6,3,4,3,3,4,4,4,4,4,4,3,5,5,3,5,4,5,5,5,4,5,4,4,3,5,4,5,5,6,3,7,6,4,6,3,5,5,6
307801,5,5,6,6,4,3,3,2,5,3,5,5,5,2,5,1,6,5,3,2,3,6,4,2,7,7,5,3,3,4,6,6,6,3,7,1,3,4,5,5,3,2,7,5,3
461369,2,2,1,6,4,4,4,4,3,6,4,7,7,5,7,5,5,3,4,4,5,7,6,5,3,4,6,3,3,6,6,3,4,3,6,4,5,5,3,3,3,4,4,5,5
1195754,3,3,7,5,1,5,5,3,3,5,3,4,5,5,4,4,2,4,4,4,4,4,4,5,6,7,6,4,4,4,6,5,7,2,6,5,5,7,4,6,4,3,6,6,5
709937,3,4,6,5,4,1,5,3,5,4,5,3,4,2,6,3,4,1,5,2,4,2,4,5,3,3,3,4,6,2,4,3,4,4,3,2,3,4,2,2,7,1,1,6,3
401477,4,4,5,6,3,3,5,4,4,3,4,6,6,6,7,5,5,5,4,4,3,5,5,5,1,2,4,2,1,6,5,4,5,3,4,3,6,6,1,5,7,2,7,3,5
555075,4,2,3,6,4,5,3,3,4,4,3,2,4,1,3,1,3,4,5,2,4,4,4,4,5,6,5,4,4,5,3,6,6,3,6,6,7,7,5,7,7,4,5,3,6
,,,,,,,,,,,,,,,,,,,,,,,,,,,,,,,,,,,,,,,,,,,,,
,,,,,,,,,,,,,,,,,,,,,,,,,,,,,,,,,,,,,,,,,,,,,
,,,,,,,,,,,,,,,,,,,,,,,,,,,,,,,,,,,,,,,,,,,,,
,,,,,,,,,,,,,,,,,,,,,,,,,,,,,,,,,,,,,,,,,,,,,
,,,,,,,,,,,,,,,,,,,,,,,,,,,,,,,,,,,,,,,,,,,,,
,,,,,,,,,,,,,,,,,,,,,,,,,,,,,,,,,,,,,,,,,,,,,
,,,,,,,,,,,,,,,,,,,,,,,,,,,,,,,,,,,,,,,,,,,,,
,,,,,,,,,,,,,,,,,,,,,,,,,,,,,,,,,,,,,,,,,,,,,
,,,,,,,,,,,,,,,,,,,,,,,,,,,,,,,,,,,,,,,,,,,,,
,,,,,,,,,,,,,,,,,,,,,,,,,,,,,,,,,,,,,,,,,,,,,
,,,,,,,,,,,,,,,,,,,,,,,,,,,,,,,,,,,,,,,,,,,,,
,,,,,,,,,,,,,,,,,,,,,,,,,,,,,,,,,,,,,,,,,,,,,
,,,,,,,,,,,,,,,,,,,,,,,,,,,,,,,,,,,,,,,,,,,,,
,,,,,,,,,,,,,,,,,,,,,,,,,,,,,,,,,,,,,,,,,,,,,
,,,,,,,,,,,,,,,,,,,,,,,,,,,,,,,,,,,,,,,,,,,,,
,,,,,,,,,,,,,,,,,,,,,,,,,,,,,,,,,,,,,,,,,,,,,
,,,,,,,,,,,,,,,,,,,,,,,,,,,,,,,,,,,,,,,,,,,,,
,,,,,,,,,,,,,,,,,,,,,,,,,,,,,,,,,,,,,,,,,,,,,
,,,,,,,,,,,,,,,,,,,,,,,,,,,,,,,,,,,,,,,,,,,,,
,,,,,,,,,,,,,,,,,,,,,,,,,,,,,,,,,,,,,,,,,,,,,
,,,,,,,,,,,,,,,,,,,,,,,,,,,,,,,,,,,,,,,,,,,,,
,,,,,,,,,,,,,,,,,,,,,,,,,,,,,,,,,,,,,,,,,,,,,
,,,,,,,,,,,,,,,,,,,,,,,,,,,,,,,,,,,,,,,,,,,,,
,,,,,,,,,,,,,,,,,,,,,,,,,,,,,,,,,,,,,,,,,,,,,
,,,,,,,,,,,,,,,,,,,,,,,,,,,,,,,,,,,,,,,,,,,,,
,,,,,,,,,,,,,,,,,,,,,,,,,,,,,,,,,,,,,,,,,,,,,
,,,,,,,,,,,,,,,,,,,,,,,,,,,,,,,,,,,,,,,,,,,,,
,,,,,,,,,,,,,,,,,,,,,,,,,,,,,,,,,,,,,,,,,,,,,
,,,,,,,,,,,,,,,,,,,,,,,,,,,,,,,,,,,,,,,,,,,,,
,,,,,,,,,,,,,,,,,,,,,,,,,,,,,,,,,,,,,,,,,,,,,
,,,,,,,,,,,,,,,,,,,,,,,,,,,,,,,,,,,,,,,,,,,,,
,,,,,,,,,,,,,,,,,,,,,,,,,,,,,,,,,,,,,,,,,,,,,
,,,,,,,,,,,,,,,,,,,,,,,,,,,,,,,,,,,,,,,,,,,,,
,,,,,,,,,,,,,,,,,,,,,,,,,,,,,,,,,,,,,,,,,,,,,
,,,,,,,,,,,,,,,,,,,,,,,,,,,,,,,,,,,,,,,,,,,,,
,,,,,,,,,,,,,,,,,,,,,,,,,,,,,,,,,,,,,,,,,,,,,
,,,,,,,,,,,,,,,,,,,,,,,,,,,,,,,,,,,,,,,,,,,,,
,,,,,,,,,,,,,,,,,,,,,,,,,,,,,,,,,,,,,,,,,,,,,
,,,,,,,,,,,,,,,,,,,,,,,,,,,,,,,,,,,,,,,,,,,,,
,,,,,,,,,,,,,,,,,,,,,,,,,,,,,,,,,,,,,,,,,,,,,
,,,,,,,,,,,,,,,,,,,,,,,,,,,,,,,,,,,,,,,,,,,,,
,,,,,,,,,,,,,,,,,,,,,,,,,,,,,,,,,,,,,,,,,,,,,
,,,,,,,,,,,,,,,,,,,,,,,,,,,,,,,,,,,,,,,,,,,,,
,,,,,,,,,,,,,,,,,,,,,,,,,,,,,,,,,,,,,,,,,,,,,
,,,,,,,,,,,,,,,,,,,,,,,,,,,,,,,,,,,,,,,,,,,,,
,,,,,,,,,,,,,,,,,,,,,,,,,,,,,,,,,,,,,,,,,,,,,
,,,,,,,,,,,,,,,,,,,,,,,,,,,,,,,,,,,,,,,,,,,,,
,,,,,,,,,,,,,,,,,,,,,,,,,,,,,,,,,,,,,,,,,,,,,
,,,,,,,,,,,,,,,,,,,,,,,,,,,,,,,,,,,,,,,,,,,,,
,,,,,,,,,,,,,,,,,,,,,,,,,,,,,,,,,,,,,,,,,,,,,
,,,,,,,,,,,,,,,,,,,,,,,,,,,,,,,,,,,,,,,,,,,,,
,,,,,,,,,,,,,,,,,,,,,,,,,,,,,,,,,,,,,,,,,,,,,
,,,,,,,,,,,,,,,,,,,,,,,,,,,,,,,,,,,,,,,,,,,,,
,,,,,,,,,,,,,,,,,,,,,,,,,,,,,,,,,,,,,,,,,,,,,
,,,,,,,,,,,,,,,,,,,,,,,,,,,,,,,,,,,,,,,,,,,,,
,,,,,,,,,,,,,,,,,,,,,,,,,,,,,,,,,,,,,,,,,,,,,
,,,,,,,,,,,,,,,,,,,,,,,,,,,,,,,,,,,,,,,,,,,,,
,,,,,,,,,,,,,,,,,,,,,,,,,,,,,,,,,,,,,,,,,,,,,
,,,,,,,,,,,,,,,,,,,,,,,,,,,,,,,,,,,,,,,,,,,,,
,,,,,,,,,,,,,,,,,,,,,,,,,,,,,,,,,,,,,,,,,,,,,
,,,,,,,,,,,,,,,,,,,,,,,,,,,,,,,,,,,,,,,,,,,,,
,,,,,,,,,,,,,,,,,,,,,,,,,,,,,,,,,,,,,,,,,,,,,
,,,,,,,,,,,,,,,,,,,,,,,,,,,,,,,,,,,,,,,,,,,,,
,,,,,,,,,,,,,,,,,,,,,,,,,,,,,,,,,,,,,,,,,,,,,
,,,,,,,,,,,,,,,,,,,,,,,,,,,,,,,,,,,,,,,,,,,,,
,,,,,,,,,,,,,,,,,,,,,,,,,,,,,,,,,,,,,,,,,,,,,
,,,,,,,,,,,,,,,,,,,,,,,,,,,,,,,,,,,,,,,,,,,,,
,,,,,,,,,,,,,,,,,,,,,,,,,,,,,,,,,,,,,,,,,,,,,
,,,,,,,,,,,,,,,,,,,,,,,,,,,,,,,,,,,,,,,,,,,,,
,,,,,,,,,,,,,,,,,,,,,,,,,,,,,,,,,,,,,,,,,,,,,
,,,,,,,,,,,,,,,,,,,,,,,,,,,,,,,,,,,,,,,,,,,,,
,,,,,,,,,,,,,,,,,,,,,,,,,,,,,,,,,,,,,,,,,,,,,
,,,,,,,,,,,,,,,,,,,,,,,,,,,,,,,,,,,,,,,,,,,,,
,,,,,,,,,,,,,,,,,,,,,,,,,,,,,,,,,,,,,,,,,,,,,
,,,,,,,,,,,,,,,,,,,,,,,,,,,,,,,,,,,,,,,,,,,,,
,,,,,,,,,,,,,,,,,,,,,,,,,,,,,,,,,,,,,,,,,,,,,
,,,,,,,,,,,,,,,,,,,,,,,,,,,,,,,,,,,,,,,,,,,,,
,,,,,,,,,,,,,,,,,,,,,,,,,,,,,,,,,,,,,,,,,,,,,
,,,,,,,,,,,,,,,,,,,,,,,,,,,,,,,,,,,,,,,,,,,,,
,,,,,,,,,,,,,,,,,,,,,,,,,,,,,,,,,,,,,,,,,,,,,
,,,,,,,,,,,,,,,,,,,,,,,,,,,,,,,,,,,,,,,,,,,,,
,,,,,,,,,,,,,,,,,,,,,,,,,,,,,,,,,,,,,,,,,,,,,
,,,,,,,,,,,,,,,,,,,,,,,,,,,,,,,,,,,,,,,,,,,,,
,,,,,,,,,,,,,,,,,,,,,,,,,,,,,,,,,,,,,,,,,,,,,
,,,,,,,,,,,,,,,,,,,,,,,,,,,,,,,,,,,,,,,,,,,,,
,,,,,,,,,,,,,,,,,,,,,,,,,,,,,,,,,,,,,,,,,,,,,
,,,,,,,,,,,,,,,,,,,,,,,,,,,,,,,,,,,,,,,,,,,,,
,,,,,,,,,,,,,,,,,,,,,,,,,,,,,,,,,,,,,,,,,,,,,
,,,,,,,,,,,,,,,,,,,,,,,,,,,,,,,,,,,,,,,,,,,,,
,,,,,,,,,,,,,,,,,,,,,,,,,,,,,,,,,,,,,,,,,,,,,
,,,,,,,,,,,,,,,,,,,,,,,,,,,,,,,,,,,,,,,,,,,,,
,,,,,,,,,,,,,,,,,,,,,,,,,,,,,,,,,,,,,,,,,,,,,
,,,,,,,,,,,,,,,,,,,,,,,,,,,,,,,,,,,,,,,,,,,,,
,,,,,,,,,,,,,,,,,,,,,,,,,,,,,,,,,,,,,,,,,,,,,
,,,,,,,,,,,,,,,,,,,,,,,,,,,,,,,,,,,,,,,,,,,,,
,,,,,,,,,,,,,,,,,,,,,,,,,,,,,,,,,,,,,,,,,,,,,
,,,,,,,,,,,,,,,,,,,,,,,,,,,,,,,,,,,,,,,,,,,,,
,,,,,,,,,,,,,,,,,,,,,,,,,,,,,,,,,,,,,,,,,,,,,
,,,,,,,,,,,,,,,,,,,,,,,,,,,,,,,,,,,,,,,,,,,,,
,,,,,,,,,,,,,,,,,,,,,,,,,,,,,,,,,,,,,,,,,,,,,
,,,,,,,,,,,,,,,,,,,,,,,,,,,,,,,,,,,,,,,,,,,,,
,,,,,,,,,,,,,,,,,,,,,,,,,,,,,,,,,,,,,,,,,,,,,
,,,,,,,,,,,,,,,,,,,,,,,,,,,,,,,,,,,,,,,,,,,,,
,,,,,,,,,,,,,,,,,,,,,,,,,,,,,,,,,,,,,,,,,,,,,
,,,,,,,,,,,,,,,,,,,,,,,,,,,,,,,,,,,,,,,,,,,,,
,,,,,,,,,,,,,,,,,,,,,,,,,,,,,,,,,,,,,,,,,,,,,
,,,,,,,,,,,,,,,,,,,,,,,,,,,,,,,,,,,,,,,,,,,,,
,,,,,,,,,,,,,,,,,,,,,,,,,,,,,,,,,,,,,,,,,,,,,
,,,,,,,,,,,,,,,,,,,,,,,,,,,,,,,,,,,,,,,,,,,,,
,,,,,,,,,,,,,,,,,,,,,,,,,,,,,,,,,,,,,,,,,,,,,
,,,,,,,,,,,,,,,,,,,,,,,,,,,,,,,,,,,,,,,,,,,,,
,,,,,,,,,,,,,,,,,,,,,,,,,,,,,,,,,,,,,,,,,,,,,
,,,,,,,,,,,,,,,,,,,,,,,,,,,,,,,,,,,,,,,,,,,,,
,,,,,,,,,,,,,,,,,,,,,,,,,,,,,,,,,,,,,,,,,,,,,
,,,,,,,,,,,,,,,,,,,,,,,,,,,,,,,,,,,,,,,,,,,,,
,,,,,,,,,,,,,,,,,,,,,,,,,,,,,,,,,,,,,,,,,,,,,
,,,,,,,,,,,,,,,,,,,,,,,,,,,,,,,,,,,,,,,,,,,,,
,,,,,,,,,,,,,,,,,,,,,,,,,,,,,,,,,,,,,,,,,,,,,
,,,,,,,,,,,,,,,,,,,,,,,,,,,,,,,,,,,,,,,,,,,,,
,,,,,,,,,,,,,,,,,,,,,,,,,,,,,,,,,,,,,,,,,,,,,
,,,,,,,,,,,,,,,,,,,,,,,,,,,,,,,,,,,,,,,,,,,,,
,,,,,,,,,,,,,,,,,,,,,,,,,,,,,,,,,,,,,,,,,,,,,
,,,,,,,,,,,,,,,,,,,,,,,,,,,,,,,,,,,,,,,,,,,,,
,,,,,,,,,,,,,,,,,,,,,,,,,,,,,,,,,,,,,,,,,,,,,
,,,,,,,,,,,,,,,,,,,,,,,,,,,,,,,,,,,,,,,,,,,,,
,,,,,,,,,,,,,,,,,,,,,,,,,,,,,,,,,,,,,,,,,,,,,
,,,,,,,,,,,,,,,,,,,,,,,,,,,,,,,,,,,,,,,,,,,,,
,,,,,,,,,,,,,,,,,,,,,,,,,,,,,,,,,,,,,,,,,,,,,
,,,,,,,,,,,,,,,,,,,,,,,,,,,,,,,,,,,,,,,,,,,,,
,,,,,,,,,,,,,,,,,,,,,,,,,,,,,,,,,,,,,,,,,,,,,
,,,,,,,,,,,,,,,,,,,,,,,,,,,,,,,,,,,,,,,,,,,,,
,,,,,,,,,,,,,,,,,,,,,,,,,,,,,,,,,,,,,,,,,,,,,
,,,,,,,,,,,,,,,,,,,,,,,,,,,,,,,,,,,,,,,,,,,,,
,,,,,,,,,,,,,,,,,,,,,,,,,,,,,,,,,,,,,,,,,,,,,
,,,,,,,,,,,,,,,,,,,,,,,,,,,,,,,,,,,,,,,,,,,,,
,,,,,,,,,,,,,,,,,,,,,,,,,,,,,,,,,,,,,,,,,,,,,
,,,,,,,,,,,,,,,,,,,,,,,,,,,,,,,,,,,,,,,,,,,,,
,,,,,,,,,,,,,,,,,,,,,,,,,,,,,,,,,,,,,,,,,,,,,
,,,,,,,,,,,,,,,,,,,,,,,,,,,,,,,,,,,,,,,,,,,,,
,,,,,,,,,,,,,,,,,,,,,,,,,,,,,,,,,,,,,,,,,,,,,
,,,,,,,,,,,,,,,,,,,,,,,,,,,,,,,,,,,,,,,,,,,,,
,,,,,,,,,,,,,,,,,,,,,,,,,,,,,,,,,,,,,,,,,,,,,
,,,,,,,,,,,,,,,,,,,,,,,,,,,,,,,,,,,,,,,,,,,,,
,,,,,,,,,,,,,,,,,,,,,,,,,,,,,,,,,,,,,,,,,,,,,
,,,,,,,,,,,,,,,,,,,,,,,,,,,,,,,,,,,,,,,,,,,,,
,,,,,,,,,,,,,,,,,,,,,,,,,,,,,,,,,,,,,,,,,,,,,
,,,,,,,,,,,,,,,,,,,,,,,,,,,,,,,,,,,,,,,,,,,,,
,,,,,,,,,,,,,,,,,,,,,,,,,,,,,,,,,,,,,,,,,,,,,
,,,,,,,,,,,,,,,,,,,,,,,,,,,,,,,,,,,,,,,,,,,,,
,,,,,,,,,,,,,,,,,,,,,,,,,,,,,,,,,,,,,,,,,,,,,
,,,,,,,,,,,,,,,,,,,,,,,,,,,,,,,,,,,,,,,,,,,,,
,,,,,,,,,,,,,,,,,,,,,,,,,,,,,,,,,,,,,,,,,,,,,
,,,,,,,,,,,,,,,,,,,,,,,,,,,,,,,,,,,,,,,,,,,,,
,,,,,,,,,,,,,,,,,,,,,,,,,,,,,,,,,,,,,,,,,,,,,
,,,,,,,,,,,,,,,,,,,,,,,,,,,,,,,,,,,,,,,,,,,,,
,,,,,,,,,,,,,,,,,,,,,,,,,,,,,,,,,,,,,,,,,,,,,
,,,,,,,,,,,,,,,,,,,,,,,,,,,,,,,,,,,,,,,,,,,,,
,,,,,,,,,,,,,,,,,,,,,,,,,,,,,,,,,,,,,,,,,,,,,
,,,,,,,,,,,,,,,,,,,,,,,,,,,,,,,,,,,,,,,,,,,,,
,,,,,,,,,,,,,,,,,,,,,,,,,,,,,,,,,,,,,,,,,,,,,
,,,,,,,,,,,,,,,,,,,,,,,,,,,,,,,,,,,,,,,,,,,,,
,,,,,,,,,,,,,,,,,,,,,,,,,,,,,,,,,,,,,,,,,,,,,
,,,,,,,,,,,,,,,,,,,,,,,,,,,,,,,,,,,,,,,,,,,,,
,,,,,,,,,,,,,,,,,,,,,,,,,,,,,,,,,,,,,,,,,,,,,
,,,,,,,,,,,,,,,,,,,,,,,,,,,,,,,,,,,,,,,,,,,,,
,,,,,,,,,,,,,,,,,,,,,,,,,,,,,,,,,,,,,,,,,,,,,
,,,,,,,,,,,,,,,,,,,,,,,,,,,,,,,,,,,,,,,,,,,,,
,,,,,,,,,,,,,,,,,,,,,,,,,,,,,,,,,,,,,,,,,,,,,
,,,,,,,,,,,,,,,,,,,,,,,,,,,,,,,,,,,,,,,,,,,,,
,,,,,,,,,,,,,,,,,,,,,,,,,,,,,,,,,,,,,,,,,,,,,
,,,,,,,,,,,,,,,,,,,,,,,,,,,,,,,,,,,,,,,,,,,,,
,,,,,,,,,,,,,,,,,,,,,,,,,,,,,,,,,,,,,,,,,,,,,
,,,,,,,,,,,,,,,,,,,,,,,,,,,,,,,,,,,,,,,,,,,,,
,,,,,,,,,,,,,,,,,,,,,,,,,,,,,,,,,,,,,,,,,,,,,
,,,,,,,,,,,,,,,,,,,,,,,,,,,,,,,,,,,,,,,,,,,,,
,,,,,,,,,,,,,,,,,,,,,,,,,,,,,,,,,,,,,,,,,,,,,
,,,,,,,,,,,,,,,,,,,,,,,,,,,,,,,,,,,,,,,,,,,,,
,,,,,,,,,,,,,,,,,,,,,,,,,,,,,,,,,,,,,,,,,,,,,
,,,,,,,,,,,,,,,,,,,,,,,,,,,,,,,,,,,,,,,,,,,,,
,,,,,,,,,,,,,,,,,,,,,,,,,,,,,,,,,,,,,,,,,,,,,
,,,,,,,,,,,,,,,,,,,,,,,,,,,,,,,,,,,,,,,,,,,,,
,,,,,,,,,,,,,,,,,,,,,,,,,,,,,,,,,,,,,,,,,,,,,
,,,,,,,,,,,,,,,,,,,,,,,,,,,,,,,,,,,,,,,,,,,,,
,,,,,,,,,,,,,,,,,,,,,,,,,,,,,,,,,,,,,,,,,,,,,
,,,,,,,,,,,,,,,,,,,,,,,,,,,,,,,,,,,,,,,,,,,,,
,,,,,,,,,,,,,,,,,,,,,,,,,,,,,,,,,,,,,,,,,,,,,
,,,,,,,,,,,,,,,,,,,,,,,,,,,,,,,,,,,,,,,,,,,,,
,,,,,,,,,,,,,,,,,,,,,,,,,,,,,,,,,,,,,,,,,,,,,
,,,,,,,,,,,,,,,,,,,,,,,,,,,,,,,,,,,,,,,,,,,,,
,,,,,,,,,,,,,,,,,,,,,,,,,,,,,,,,,,,,,,,,,,,,,
,,,,,,,,,,,,,,,,,,,,,,,,,,,,,,,,,,,,,,,,,,,,,
,,,,,,,,,,,,,,,,,,,,,,,,,,,,,,,,,,,,,,,,,,,,,
,,,,,,,,,,,,,,,,,,,,,,,,,,,,,,,,,,,,,,,,,,,,,
,,,,,,,,,,,,,,,,,,,,,,,,,,,,,,,,,,,,,,,,,,,,,
,,,,,,,,,,,,,,,,,,,,,,,,,,,,,,,,,,,,,,,,,,,,,
,,,,,,,,,,,,,,,,,,,,,,,,,,,,,,,,,,,,,,,,,,,,,
,,,,,,,,,,,,,,,,,,,,,,,,,,,,,,,,,,,,,,,,,,,,,
,,,,,,,,,,,,,,,,,,,,,,,,,,,,,,,,,,,,,,,,,,,,,
,,,,,,,,,,,,,,,,,,,,,,,,,,,,,,,,,,,,,,,,,,,,,
,,,,,,,,,,,,,,,,,,,,,,,,,,,,,,,,,,,,,,,,,,,,,
,,,,,,,,,,,,,,,,,,,,,,,,,,,,,,,,,,,,,,,,,,,,,
,,,,,,,,,,,,,,,,,,,,,,,,,,,,,,,,,,,,,,,,,,,,,
,,,,,,,,,,,,,,,,,,,,,,,,,,,,,,,,,,,,,,,,,,,,,
,,,,,,,,,,,,,,,,,,,,,,,,,,,,,,,,,,,,,,,,,,,,,
,,,,,,,,,,,,,,,,,,,,,,,,,,,,,,,,,,,,,,,,,,,,,
,,,,,,,,,,,,,,,,,,,,,,,,,,,,,,,,,,,,,,,,,,,,,
,,,,,,,,,,,,,,,,,,,,,,,,,,,,,,,,,,,,,,,,,,,,,
,,,,,,,,,,,,,,,,,,,,,,,,,,,,,,,,,,,,,,,,,,,,,
,,,,,,,,,,,,,,,,,,,,,,,,,,,,,,,,,,,,,,,,,,,,,
,,,,,,,,,,,,,,,,,,,,,,,,,,,,,,,,,,,,,,,,,,,,,
,,,,,,,,,,,,,,,,,,,,,,,,,,,,,,,,,,,,,,,,,,,,,
,,,,,,,,,,,,,,,,,,,,,,,,,,,,,,,,,,,,,,,,,,,,,
,,,,,,,,,,,,,,,,,,,,,,,,,,,,,,,,,,,,,,,,,,,,,
,,,,,,,,,,,,,,,,,,,,,,,,,,,,,,,,,,,,,,,,,,,,,
,,,,,,,,,,,,,,,,,,,,,,,,,,,,,,,,,,,,,,,,,,,,,
,,,,,,,,,,,,,,,,,,,,,,,,,,,,,,,,,,,,,,,,,,,,,
,,,,,,,,,,,,,,,,,,,,,,,,,,,,,,,,,,,,,,,,,,,,,
,,,,,,,,,,,,,,,,,,,,,,,,,,,,,,,,,,,,,,,,,,,,,
,,,,,,,,,,,,,,,,,,,,,,,,,,,,,,,,,,,,,,,,,,,,,
,,,,,,,,,,,,,,,,,,,,,,,,,,,,,,,,,,,,,,,,,,,,,
,,,,,,,,,,,,,,,,,,,,,,,,,,,,,,,,,,,,,,,,,,,,,
,,,,,,,,,,,,,,,,,,,,,,,,,,,,,,,,,,,,,,,,,,,,,
,,,,,,,,,,,,,,,,,,,,,,,,,,,,,,,,,,,,,,,,,,,,,
,,,,,,,,,,,,,,,,,,,,,,,,,,,,,,,,,,,,,,,,,,,,,
,,,,,,,,,,,,,,,,,,,,,,,,,,,,,,,,,,,,,,,,,,,,,
,,,,,,,,,,,,,,,,,,,,,,,,,,,,,,,,,,,,,,,,,,,,,
,,,,,,,,,,,,,,,,,,,,,,,,,,,,,,,,,,,,,,,,,,,,,
,,,,,,,,,,,,,,,,,,,,,,,,,,,,,,,,,,,,,,,,,,,,,
,,,,,,,,,,,,,,,,,,,,,,,,,,,,,,,,,,,,,,,,,,,,,
,,,,,,,,,,,,,,,,,,,,,,,,,,,,,,,,,,,,,,,,,,,,,
,,,,,,,,,,,,,,,,,,,,,,,,,,,,,,,,,,,,,,,,,,,,,
,,,,,,,,,,,,,,,,,,,,,,,,,,,,,,,,,,,,,,,,,,,,,
,,,,,,,,,,,,,,,,,,,,,,,,,,,,,,,,,,,,,,,,,,,,,
,,,,,,,,,,,,,,,,,,,,,,,,,,,,,,,,,,,,,,,,,,,,,
,,,,,,,,,,,,,,,,,,,,,,,,,,,,,,,,,,,,,,,,,,,,,
,,,,,,,,,,,,,,,,,,,,,,,,,,,,,,,,,,,,,,,,,,,,,
,,,,,,,,,,,,,,,,,,,,,,,,,,,,,,,,,,,,,,,,,,,,,
,,,,,,,,,,,,,,,,,,,,,,,,,,,,,,,,,,,,,,,,,,,,,
,,,,,,,,,,,,,,,,,,,,,,,,,,,,,,,,,,,,,,,,,,,,,
,,,,,,,,,,,,,,,,,,,,,,,,,,,,,,,,,,,,,,,,,,,,,
,,,,,,,,,,,,,,,,,,,,,,,,,,,,,,,,,,,,,,,,,,,,,
,,,,,,,,,,,,,,,,,,,,,,,,,,,,,,,,,,,,,,,,,,,,,
,,,,,,,,,,,,,,,,,,,,,,,,,,,,,,,,,,,,,,,,,,,,,
,,,,,,,,,,,,,,,,,,,,,,,,,,,,,,,,,,,,,,,,,,,,,
,,,,,,,,,,,,,,,,,,,,,,,,,,,,,,,,,,,,,,,,,,,,,
,,,,,,,,,,,,,,,,,,,,,,,,,,,,,,,,,,,,,,,,,,,,,
,,,,,,,,,,,,,,,,,,,,,,,,,,,,,,,,,,,,,,,,,,,,,
,,,,,,,,,,,,,,,,,,,,,,,,,,,,,,,,,,,,,,,,,,,,,
,,,,,,,,,,,,,,,,,,,,,,,,,,,,,,,,,,,,,,,,,,,,,
,,,,,,,,,,,,,,,,,,,,,,,,,,,,,,,,,,,,,,,,,,,,,
,,,,,,,,,,,,,,,,,,,,,,,,,,,,,,,,,,,,,,,,,,,,,
,,,,,,,,,,,,,,,,,,,,,,,,,,,,,,,,,,,,,,,,,,,,,
,,,,,,,,,,,,,,,,,,,,,,,,,,,,,,,,,,,,,,,,,,,,,
,,,,,,,,,,,,,,,,,,,,,,,,,,,,,,,,,,,,,,,,,,,,,
,,,,,,,,,,,,,,,,,,,,,,,,,,,,,,,,,,,,,,,,,,,,,
,,,,,,,,,,,,,,,,,,,,,,,,,,,,,,,,,,,,,,,,,,,,,
,,,,,,,,,,,,,,,,,,,,,,,,,,,,,,,,,,,,,,,,,,,,,
,,,,,,,,,,,,,,,,,,,,,,,,,,,,,,,,,,,,,,,,,,,,,
,,,,,,,,,,,,,,,,,,,,,,,,,,,,,,,,,,,,,,,,,,,,,
,,,,,,,,,,,,,,,,,,,,,,,,,,,,,,,,,,,,,,,,,,,,,
,,,,,,,,,,,,,,,,,,,,,,,,,,,,,,,,,,,,,,,,,,,,,
,,,,,,,,,,,,,,,,,,,,,,,,,,,,,,,,,,,,,,,,,,,,,
,,,,,,,,,,,,,,,,,,,,,,,,,,,,,,,,,,,,,,,,,,,,,
,,,,,,,,,,,,,,,,,,,,,,,,,,,,,,,,,,,,,,,,,,,,,
,,,,,,,,,,,,,,,,,,,,,,,,,,,,,,,,,,,,,,,,,,,,,
,,,,,,,,,,,,,,,,,,,,,,,,,,,,,,,,,,,,,,,,,,,,,
,,,,,,,,,,,,,,,,,,,,,,,,,,,,,,,,,,,,,,,,,,,,,
,,,,,,,,,,,,,,,,,,,,,,,,,,,,,,,,,,,,,,,,,,,,,
,,,,,,,,,,,,,,,,,,,,,,,,,,,,,,,,,,,,,,,,,,,,,
,,,,,,,,,,,,,,,,,,,,,,,,,,,,,,,,,,,,,,,,,,,,,
,,,,,,,,,,,,,,,,,,,,,,,,,,,,,,,,,,,,,,,,,,,,,
,,,,,,,,,,,,,,,,,,,,,,,,,,,,,,,,,,,,,,,,,,,,,
,,,,,,,,,,,,,,,,,,,,,,,,,,,,,,,,,,,,,,,,,,,,,
,,,,,,,,,,,,,,,,,,,,,,,,,,,,,,,,,,,,,,,,,,,,,
,,,,,,,,,,,,,,,,,,,,,,,,,,,,,,,,,,,,,,,,,,,,,
,,,,,,,,,,,,,,,,,,,,,,,,,,,,,,,,,,,,,,,,,,,,,
,,,,,,,,,,,,,,,,,,,,,,,,,,,,,,,,,,,,,,,,,,,,,
,,,,,,,,,,,,,,,,,,,,,,,,,,,,,,,,,,,,,,,,,,,,,
,,,,,,,,,,,,,,,,,,,,,,,,,,,,,,,,,,,,,,,,,,,,,
,,,,,,,,,,,,,,,,,,,,,,,,,,,,,,,,,,,,,,,,,,,,,
,,,,,,,,,,,,,,,,,,,,,,,,,,,,,,,,,,,,,,,,,,,,,
,,,,,,,,,,,,,,,,,,,,,,,,,,,,,,,,,,,,,,,,,,,,,
,,,,,,,,,,,,,,,,,,,,,,,,,,,,,,,,,,,,,,,,,,,,,
,,,,,,,,,,,,,,,,,,,,,,,,,,,,,,,,,,,,,,,,,,,,,
,,,,,,,,,,,,,,,,,,,,,,,,,,,,,,,,,,,,,,,,,,,,,
,,,,,,,,,,,,,,,,,,,,,,,,,,,,,,,,,,,,,,,,,,,,,
,,,,,,,,,,,,,,,,,,,,,,,,,,,,,,,,,,,,,,,,,,,,,
,,,,,,,,,,,,,,,,,,,,,,,,,,,,,,,,,,,,,,,,,,,,,
,,,,,,,,,,,,,,,,,,,,,,,,,,,,,,,,,,,,,,,,,,,,,
,,,,,,,,,,,,,,,,,,,,,,,,,,,,,,,,,,,,,,,,,,,,,
,,,,,,,,,,,,,,,,,,,,,,,,,,,,,,,,,,,,,,,,,,,,,
,,,,,,,,,,,,,,,,,,,,,,,,,,,,,,,,,,,,,,,,,,,,,
,,,,,,,,,,,,,,,,,,,,,,,,,,,,,,,,,,,,,,,,,,,,,
,,,,,,,,,,,,,,,,,,,,,,,,,,,,,,,,,,,,,,,,,,,,,
,,,,,,,,,,,,,,,,,,,,,,,,,,,,,,,,,,,,,,,,,,,,,
,,,,,,,,,,,,,,,,,,,,,,,,,,,,,,,,,,,,,,,,,,,,,
,,,,,,,,,,,,,,,,,,,,,,,,,,,,,,,,,,,,,,,,,,,,,
,,,,,,,,,,,,,,,,,,,,,,,,,,,,,,,,,,,,,,,,,,,,,
,,,,,,,,,,,,,,,,,,,,,,,,,,,,,,,,,,,,,,,,,,,,,
,,,,,,,,,,,,,,,,,,,,,,,,,,,,,,,,,,,,,,,,,,,,,
,,,,,,,,,,,,,,,,,,,,,,,,,,,,,,,,,,,,,,,,,,,,,
,,,,,,,,,,,,,,,,,,,,,,,,,,,,,,,,,,,,,,,,,,,,,
,,,,,,,,,,,,,,,,,,,,,,,,,,,,,,,,,,,,,,,,,,,,,
,,,,,,,,,,,,,,,,,,,,,,,,,,,,,,,,,,,,,,,,,,,,,
,,,,,,,,,,,,,,,,,,,,,,,,,,,,,,,,,,,,,,,,,,,,,
,,,,,,,,,,,,,,,,,,,,,,,,,,,,,,,,,,,,,,,,,,,,,
,,,,,,,,,,,,,,,,,,,,,,,,,,,,,,,,,,,,,,,,,,,,,
,,,,,,,,,,,,,,,,,,,,,,,,,,,,,,,,,,,,,,,,,,,,,
,,,,,,,,,,,,,,,,,,,,,,,,,,,,,,,,,,,,,,,,,,,,,
,,,,,,,,,,,,,,,,,,,,,,,,,,,,,,,,,,,,,,,,,,,,,
,,,,,,,,,,,,,,,,,,,,,,,,,,,,,,,,,,,,,,,,,,,,,
,,,,,,,,,,,,,,,,,,,,,,,,,,,,,,,,,,,,,,,,,,,,,
,,,,,,,,,,,,,,,,,,,,,,,,,,,,,,,,,,,,,,,,,,,,,
,,,,,,,,,,,,,,,,,,,,,,,,,,,,,,,,,,,,,,,,,,,,,
,,,,,,,,,,,,,,,,,,,,,,,,,,,,,,,,,,,,,,,,,,,,,
,,,,,,,,,,,,,,,,,,,,,,,,,,,,,,,,,,,,,,,,,,,,,
,,,,,,,,,,,,,,,,,,,,,,,,,,,,,,,,,,,,,,,,,,,,,
,,,,,,,,,,,,,,,,,,,,,,,,,,,,,,,,,,,,,,,,,,,,,
,,,,,,,,,,,,,,,,,,,,,,,,,,,,,,,,,,,,,,,,,,,,,
,,,,,,,,,,,,,,,,,,,,,,,,,,,,,,,,,,,,,,,,,,,,,
,,,,,,,,,,,,,,,,,,,,,,,,,,,,,,,,,,,,,,,,,,,,,
,,,,,,,,,,,,,,,,,,,,,,,,,,,,,,,,,,,,,,,,,,,,,
,,,,,,,,,,,,,,,,,,,,,,,,,,,,,,,,,,,,,,,,,,,,,
,,,,,,,,,,,,,,,,,,,,,,,,,,,,,,,,,,,,,,,,,,,,,
,,,,,,,,,,,,,,,,,,,,,,,,,,,,,,,,,,,,,,,,,,,,,
,,,,,,,,,,,,,,,,,,,,,,,,,,,,,,,,,,,,,,,,,,,,,
,,,,,,,,,,,,,,,,,,,,,,,,,,,,,,,,,,,,,,,,,,,,,
,,,,,,,,,,,,,,,,,,,,,,,,,,,,,,,,,,,,,,,,,,,,,
,,,,,,,,,,,,,,,,,,,,,,,,,,,,,,,,,,,,,,,,,,,,,
,,,,,,,,,,,,,,,,,,,,,,,,,,,,,,,,,,,,,,,,,,,,,
,,,,,,,,,,,,,,,,,,,,,,,,,,,,,,,,,,,,,,,,,,,,,
,,,,,,,,,,,,,,,,,,,,,,,,,,,,,,,,,,,,,,,,,,,,,
,,,,,,,,,,,,,,,,,,,,,,,,,,,,,,,,,,,,,,,,,,,,,
,,,,,,,,,,,,,,,,,,,,,,,,,,,,,,,,,,,,,,,,,,,,,
,,,,,,,,,,,,,,,,,,,,,,,,,,,,,,,,,,,,,,,,,,,,,
,,,,,,,,,,,,,,,,,,,,,,,,,,,,,,,,,,,,,,,,,,,,,
,,,,,,,,,,,,,,,,,,,,,,,,,,,,,,,,,,,,,,,,,,,,,
,,,,,,,,,,,,,,,,,,,,,,,,,,,,,,,,,,,,,,,,,,,,,
,,,,,,,,,,,,,,,,,,,,,,,,,,,,,,,,,,,,,,,,,,,,,
,,,,,,,,,,,,,,,,,,,,,,,,,,,,,,,,,,,,,,,,,,,,,
,,,,,,,,,,,,,,,,,,,,,,,,,,,,,,,,,,,,,,,,,,,,,
,,,,,,,,,,,,,,,,,,,,,,,,,,,,,,,,,,,,,,,,,,,,,
,,,,,,,,,,,,,,,,,,,,,,,,,,,,,,,,,,,,,,,,,,,,,
,,,,,,,,,,,,,,,,,,,,,,,,,,,,,,,,,,,,,,,,,,,,,
,,,,,,,,,,,,,,,,,,,,,,,,,,,,,,,,,,,,,,,,,,,,,
,,,,,,,,,,,,,,,,,,,,,,,,,,,,,,,,,,,,,,,,,,,,,
,,,,,,,,,,,,,,,,,,,,,,,,,,,,,,,,,,,,,,,,,,,,,
,,,,,,,,,,,,,,,,,,,,,,,,,,,,,,,,,,,,,,,,,,,,,
,,,,,,,,,,,,,,,,,,,,,,,,,,,,,,,,,,,,,,,,,,,,,
,,,,,,,,,,,,,,,,,,,,,,,,,,,,,,,,,,,,,,,,,,,,,
,,,,,,,,,,,,,,,,,,,,,,,,,,,,,,,,,,,,,,,,,,,,,
,,,,,,,,,,,,,,,,,,,,,,,,,,,,,,,,,,,,,,,,,,,,,
,,,,,,,,,,,,,,,,,,,,,,,,,,,,,,,,,,,,,,,,,,,,,
,,,,,,,,,,,,,,,,,,,,,,,,,,,,,,,,,,,,,,,,,,,,,
,,,,,,,,,,,,,,,,,,,,,,,,,,,,,,,,,,,,,,,,,,,,,
,,,,,,,,,,,,,,,,,,,,,,,,,,,,,,,,,,,,,,,,,,,,,
,,,,,,,,,,,,,,,,,,,,,,,,,,,,,,,,,,,,,,,,,,,,,
,,,,,,,,,,,,,,,,,,,,,,,,,,,,,,,,,,,,,,,,,,,,,
,,,,,,,,,,,,,,,,,,,,,,,,,,,,,,,,,,,,,,,,,,,,,
,,,,,,,,,,,,,,,,,,,,,,,,,,,,,,,,,,,,,,,,,,,,,
,,,,,,,,,,,,,,,,,,,,,,,,,,,,,,,,,,,,,,,,,,,,,
,,,,,,,,,,,,,,,,,,,,,,,,,,,,,,,,,,,,,,,,,,,,,
,,,,,,,,,,,,,,,,,,,,,,,,,,,,,,,,,,,,,,,,,,,,,
,,,,,,,,,,,,,,,,,,,,,,,,,,,,,,,,,,,,,,,,,,,,,
,,,,,,,,,,,,,,,,,,,,,,,,,,,,,,,,,,,,,,,,,,,,,
,,,,,,,,,,,,,,,,,,,,,,,,,,,,,,,,,,,,,,,,,,,,,
,,,,,,,,,,,,,,,,,,,,,,,,,,,,,,,,,,,,,,,,,,,,,
,,,,,,,,,,,,,,,,,,,,,,,,,,,,,,,,,,,,,,,,,,,,,
,,,,,,,,,,,,,,,,,,,,,,,,,,,,,,,,,,,,,,,,,,,,,
,,,,,,,,,,,,,,,,,,,,,,,,,,,,,,,,,,,,,,,,,,,,,
,,,,,,,,,,,,,,,,,,,,,,,,,,,,,,,,,,,,,,,,,,,,,
,,,,,,,,,,,,,,,,,,,,,,,,,,,,,,,,,,,,,,,,,,,,,
,,,,,,,,,,,,,,,,,,,,,,,,,,,,,,,,,,,,,,,,,,,,,
,,,,,,,,,,,,,,,,,,,,,,,,,,,,,,,,,,,,,,,,,,,,,
,,,,,,,,,,,,,,,,,,,,,,,,,,,,,,,,,,,,,,,,,,,,,
,,,,,,,,,,,,,,,,,,,,,,,,,,,,,,,,,,,,,,,,,,,,,
,,,,,,,,,,,,,,,,,,,,,,,,,,,,,,,,,,,,,,,,,,,,,
,,,,,,,,,,,,,,,,,,,,,,,,,,,,,,,,,,,,,,,,,,,,,
,,,,,,,,,,,,,,,,,,,,,,,,,,,,,,,,,,,,,,,,,,,,,
,,,,,,,,,,,,,,,,,,,,,,,,,,,,,,,,,,,,,,,,,,,,,
,,,,,,,,,,,,,,,,,,,,,,,,,,,,,,,,,,,,,,,,,,,,,
,,,,,,,,,,,,,,,,,,,,,,,,,,,,,,,,,,,,,,,,,,,,,
,,,,,,,,,,,,,,,,,,,,,,,,,,,,,,,,,,,,,,,,,,,,,
,,,,,,,,,,,,,,,,,,,,,,,,,,,,,,,,,,,,,,,,,,,,,
,,,,,,,,,,,,,,,,,,,,,,,,,,,,,,,,,,,,,,,,,,,,,
,,,,,,,,,,,,,,,,,,,,,,,,,,,,,,,,,,,,,,,,,,,,,
,,,,,,,,,,,,,,,,,,,,,,,,,,,,,,,,,,,,,,,,,,,,,
,,,,,,,,,,,,,,,,,,,,,,,,,,,,,,,,,,,,,,,,,,,,,
,,,,,,,,,,,,,,,,,,,,,,,,,,,,,,,,,,,,,,,,,,,,,
,,,,,,,,,,,,,,,,,,,,,,,,,,,,,,,,,,,,,,,,,,,,,
,,,,,,,,,,,,,,,,,,,,,,,,,,,,,,,,,,,,,,,,,,,,,
,,,,,,,,,,,,,,,,,,,,,,,,,,,,,,,,,,,,,,,,,,,,,
,,,,,,,,,,,,,,,,,,,,,,,,,,,,,,,,,,,,,,,,,,,,,
,,,,,,,,,,,,,,,,,,,,,,,,,,,,,,,,,,,,,,,,,,,,,
,,,,,,,,,,,,,,,,,,,,,,,,,,,,,,,,,,,,,,,,,,,,,
,,,,,,,,,,,,,,,,,,,,,,,,,,,,,,,,,,,,,,,,,,,,,
,,,,,,,,,,,,,,,,,,,,,,,,,,,,,,,,,,,,,,,,,,,,,
,,,,,,,,,,,,,,,,,,,,,,,,,,,,,,,,,,,,,,,,,,,,,
,,,,,,,,,,,,,,,,,,,,,,,,,,,,,,,,,,,,,,,,,,,,,
,,,,,,,,,,,,,,,,,,,,,,,,,,,,,,,,,,,,,,,,,,,,,
,,,,,,,,,,,,,,,,,,,,,,,,,,,,,,,,,,,,,,,,,,,,,
,,,,,,,,,,,,,,,,,,,,,,,,,,,,,,,,,,,,,,,,,,,,,
,,,,,,,,,,,,,,,,,,,,,,,,,,,,,,,,,,,,,,,,,,,,,
,,,,,,,,,,,,,,,,,,,,,,,,,,,,,,,,,,,,,,,,,,,,,
,,,,,,,,,,,,,,,,,,,,,,,,,,,,,,,,,,,,,,,,,,,,,
,,,,,,,,,,,,,,,,,,,,,,,,,,,,,,,,,,,,,,,,,,,,,
,,,,,,,,,,,,,,,,,,,,,,,,,,,,,,,,,,,,,,,,,,,,,
,,,,,,,,,,,,,,,,,,,,,,,,,,,,,,,,,,,,,,,,,,,,,
,,,,,,,,,,,,,,,,,,,,,,,,,,,,,,,,,,,,,,,,,,,,,
,,,,,,,,,,,,,,,,,,,,,,,,,,,,,,,,,,,,,,,,,,,,,
,,,,,,,,,,,,,,,,,,,,,,,,,,,,,,,,,,,,,,,,,,,,,
,,,,,,,,,,,,,,,,,,,,,,,,,,,,,,,,,,,,,,,,,,,,,
,,,,,,,,,,,,,,,,,,,,,,,,,,,,,,,,,,,,,,,,,,,,,
,,,,,,,,,,,,,,,,,,,,,,,,,,,,,,,,,,,,,,,,,,,,,
,,,,,,,,,,,,,,,,,,,,,,,,,,,,,,,,,,,,,,,,,,,,,
,,,,,,,,,,,,,,,,,,,,,,,,,,,,,,,,,,,,,,,,,,,,,
,,,,,,,,,,,,,,,,,,,,,,,,,,,,,,,,,,,,,,,,,,,,,
,,,,,,,,,,,,,,,,,,,,,,,,,,,,,,,,,,,,,,,,,,,,,
,,,,,,,,,,,,,,,,,,,,,,,,,,,,,,,,,,,,,,,,,,,,,
,,,,,,,,,,,,,,,,,,,,,,,,,,,,,,,,,,,,,,,,,,,,,
,,,,,,,,,,,,,,,,,,,,,,,,,,,,,,,,,,,,,,,,,,,,,
,,,,,,,,,,,,,,,,,,,,,,,,,,,,,,,,,,,,,,,,,,,,,
,,,,,,,,,,,,,,,,,,,,,,,,,,,,,,,,,,,,,,,,,,,,,
,,,,,,,,,,,,,,,,,,,,,,,,,,,,,,,,,,,,,,,,,,,,,
,,,,,,,,,,,,,,,,,,,,,,,,,,,,,,,,,,,,,,,,,,,,,
,,,,,,,,,,,,,,,,,,,,,,,,,,,,,,,,,,,,,,,,,,,,,
,,,,,,,,,,,,,,,,,,,,,,,,,,,,,,,,,,,,,,,,,,,,,
,,,,,,,,,,,,,,,,,,,,,,,,,,,,,,,,,,,,,,,,,,,,,
,,,,,,,,,,,,,,,,,,,,,,,,,,,,,,,,,,,,,,,,,,,,,
,,,,,,,,,,,,,,,,,,,,,,,,,,,,,,,,,,,,,,,,,,,,,
,,,,,,,,,,,,,,,,,,,,,,,,,,,,,,,,,,,,,,,,,,,,,
,,,,,,,,,,,,,,,,,,,,,,,,,,,,,,,,,,,,,,,,,,,,,
,,,,,,,,,,,,,,,,,,,,,,,,,,,,,,,,,,,,,,,,,,,,,
,,,,,,,,,,,,,,,,,,,,,,,,,,,,,,,,,,,,,,,,,,,,,
,,,,,,,,,,,,,,,,,,,,,,,,,,,,,,,,,,,,,,,,,,,,,
,,,,,,,,,,,,,,,,,,,,,,,,,,,,,,,,,,,,,,,,,,,,,
,,,,,,,,,,,,,,,,,,,,,,,,,,,,,,,,,,,,,,,,,,,,,
,,,,,,,,,,,,,,,,,,,,,,,,,,,,,,,,,,,,,,,,,,,,,
,,,,,,,,,,,,,,,,,,,,,,,,,,,,,,,,,,,,,,,,,,,,,
,,,,,,,,,,,,,,,,,,,,,,,,,,,,,,,,,,,,,,,,,,,,,
,,,,,,,,,,,,,,,,,,,,,,,,,,,,,,,,,,,,,,,,,,,,,
,,,,,,,,,,,,,,,,,,,,,,,,,,,,,,,,,,,,,,,,,,,,,
,,,,,,,,,,,,,,,,,,,,,,,,,,,,,,,,,,,,,,,,,,,,,
,,,,,,,,,,,,,,,,,,,,,,,,,,,,,,,,,,,,,,,,,,,,,
,,,,,,,,,,,,,,,,,,,,,,,,,,,,,,,,,,,,,,,,,,,,,
,,,,,,,,,,,,,,,,,,,,,,,,,,,,,,,,,,,,,,,,,,,,,
,,,,,,,,,,,,,,,,,,,,,,,,,,,,,,,,,,,,,,,,,,,,,
,,,,,,,,,,,,,,,,,,,,,,,,,,,,,,,,,,,,,,,,,,,,,
,,,,,,,,,,,,,,,,,,,,,,,,,,,,,,,,,,,,,,,,,,,,,
,,,,,,,,,,,,,,,,,,,,,,,,,,,,,,,,,,,,,,,,,,,,,
,,,,,,,,,,,,,,,,,,,,,,,,,,,,,,,,,,,,,,,,,,,,,
,,,,,,,,,,,,,,,,,,,,,,,,,,,,,,,,,,,,,,,,,,,,,
,,,,,,,,,,,,,,,,,,,,,,,,,,,,,,,,,,,,,,,,,,,,,
,,,,,,,,,,,,,,,,,,,,,,,,,,,,,,,,,,,,,,,,,,,,,
,,,,,,,,,,,,,,,,,,,,,,,,,,,,,,,,,,,,,,,,,,,,,
,,,,,,,,,,,,,,,,,,,,,,,,,,,,,,,,,,,,,,,,,,,,,
,,,,,,,,,,,,,,,,,,,,,,,,,,,,,,,,,,,,,,,,,,,,,
,,,,,,,,,,,,,,,,,,,,,,,,,,,,,,,,,,,,,,,,,,,,,
,,,,,,,,,,,,,,,,,,,,,,,,,,,,,,,,,,,,,,,,,,,,,
,,,,,,,,,,,,,,,,,,,,,,,,,,,,,,,,,,,,,,,,,,,,,
,,,,,,,,,,,,,,,,,,,,,,,,,,,,,,,,,,,,,,,,,,,,,
,,,,,,,,,,,,,,,,,,,,,,,,,,,,,,,,,,,,,,,,,,,,,
,,,,,,,,,,,,,,,,,,,,,,,,,,,,,,,,,,,,,,,,,,,,,
,,,,,,,,,,,,,,,,,,,,,,,,,,,,,,,,,,,,,,,,,,,,,
,,,,,,,,,,,,,,,,,,,,,,,,,,,,,,,,,,,,,,,,,,,,,
,,,,,,,,,,,,,,,,,,,,,,,,,,,,,,,,,,,,,,,,,,,,,
,,,,,,,,,,,,,,,,,,,,,,,,,,,,,,,,,,,,,,,,,,,,,
,,,,,,,,,,,,,,,,,,,,,,,,,,,,,,,,,,,,,,,,,,,,,
,,,,,,,,,,,,,,,,,,,,,,,,,,,,,,,,,,,,,,,,,,,,,
,,,,,,,,,,,,,,,,,,,,,,,,,,,,,,,,,,,,,,,,,,,,,
,,,,,,,,,,,,,,,,,,,,,,,,,,,,,,,,,,,,,,,,,,,,,
,,,,,,,,,,,,,,,,,,,,,,,,,,,,,,,,,,,,,,,,,,,,,
,,,,,,,,,,,,,,,,,,,,,,,,,,,,,,,,,,,,,,,,,,,,,
,,,,,,,,,,,,,,,,,,,,,,,,,,,,,,,,,,,,,,,,,,,,,
,,,,,,,,,,,,,,,,,,,,,,,,,,,,,,,,,,,,,,,,,,,,,
,,,,,,,,,,,,,,,,,,,,,,,,,,,,,,,,,,,,,,,,,,,,,
,,,,,,,,,,,,,,,,,,,,,,,,,,,,,,,,,,,,,,,,,,,,,
,,,,,,,,,,,,,,,,,,,,,,,,,,,,,,,,,,,,,,,,,,,,,
,,,,,,,,,,,,,,,,,,,,,,,,,,,,,,,,,,,,,,,,,,,,,
,,,,,,,,,,,,,,,,,,,,,,,,,,,,,,,,,,,,,,,,,,,,,
,,,,,,,,,,,,,,,,,,,,,,,,,,,,,,,,,,,,,,,,,,,,,
,,,,,,,,,,,,,,,,,,,,,,,,,,,,,,,,,,,,,,,,,,,,,
,,,,,,,,,,,,,,,,,,,,,,,,,,,,,,,,,,,,,,,,,,,,,
,,,,,,,,,,,,,,,,,,,,,,,,,,,,,,,,,,,,,,,,,,,,,
,,,,,,,,,,,,,,,,,,,,,,,,,,,,,,,,,,,,,,,,,,,,,
,,,,,,,,,,,,,,,,,,,,,,,,,,,,,,,,,,,,,,,,,,,,,
,,,,,,,,,,,,,,,,,,,,,,,,,,,,,,,,,,,,,,,,,,,,,
,,,,,,,,,,,,,,,,,,,,,,,,,,,,,,,,,,,,,,,,,,,,,
,,,,,,,,,,,,,,,,,,,,,,,,,,,,,,,,,,,,,,,,,,,,,
,,,,,,,,,,,,,,,,,,,,,,,,,,,,,,,,,,,,,,,,,,,,,
,,,,,,,,,,,,,,,,,,,,,,,,,,,,,,,,,,,,,,,,,,,,,
,,,,,,,,,,,,,,,,,,,,,,,,,,,,,,,,,,,,,,,,,,,,,
,,,,,,,,,,,,,,,,,,,,,,,,,,,,,,,,,,,,,,,,,,,,,
,,,,,,,,,,,,,,,,,,,,,,,,,,,,,,,,,,,,,,,,,,,,,
,,,,,,,,,,,,,,,,,,,,,,,,,,,,,,,,,,,,,,,,,,,,,
,,,,,,,,,,,,,,,,,,,,,,,,,,,,,,,,,,,,,,,,,,,,,
,,,,,,,,,,,,,,,,,,,,,,,,,,,,,,,,,,,,,,,,,,,,,
,,,,,,,,,,,,,,,,,,,,,,,,,,,,,,,,,,,,,,,,,,,,,
,,,,,,,,,,,,,,,,,,,,,,,,,,,,,,,,,,,,,,,,,,,,,
,,,,,,,,,,,,,,,,,,,,,,,,,,,,,,,,,,,,,,,,,,,,,
,,,,,,,,,,,,,,,,,,,,,,,,,,,,,,,,,,,,,,,,,,,,,
,,,,,,,,,,,,,,,,,,,,,,,,,,,,,,,,,,,,,,,,,,,,,
,,,,,,,,,,,,,,,,,,,,,,,,,,,,,,,,,,,,,,,,,,,,,
,,,,,,,,,,,,,,,,,,,,,,,,,,,,,,,,,,,,,,,,,,,,,
,,,,,,,,,,,,,,,,,,,,,,,,,,,,,,,,,,,,,,,,,,,,,
,,,,,,,,,,,,,,,,,,,,,,,,,,,,,,,,,,,,,,,,,,,,,
,,,,,,,,,,,,,,,,,,,,,,,,,,,,,,,,,,,,,,,,,,,,,
,,,,,,,,,,,,,,,,,,,,,,,,,,,,,,,,,,,,,,,,,,,,,
,,,,,,,,,,,,,,,,,,,,,,,,,,,,,,,,,,,,,,,,,,,,,
,,,,,,,,,,,,,,,,,,,,,,,,,,,,,,,,,,,,,,,,,,,,,
,,,,,,,,,,,,,,,,,,,,,,,,,,,,,,,,,,,,,,,,,,,,,
,,,,,,,,,,,,,,,,,,,,,,,,,,,,,,,,,,,,,,,,,,,,,
,,,,,,,,,,,,,,,,,,,,,,,,,,,,,,,,,,,,,,,,,,,,,
,,,,,,,,,,,,,,,,,,,,,,,,,,,,,,,,,,,,,,,,,,,,,
,,,,,,,,,,,,,,,,,,,,,,,,,,,,,,,,,,,,,,,,,,,,,
,,,,,,,,,,,,,,,,,,,,,,,,,,,,,,,,,,,,,,,,,,,,,
,,,,,,,,,,,,,,,,,,,,,,,,,,,,,,,,,,,,,,,,,,,,,
,,,,,,,,,,,,,,,,,,,,,,,,,,,,,,,,,,,,,,,,,,,,,
,,,,,,,,,,,,,,,,,,,,,,,,,,,,,,,,,,,,,,,,,,,,,
,,,,,,,,,,,,,,,,,,,,,,,,,,,,,,,,,,,,,,,,,,,,,
,,,,,,,,,,,,,,,,,,,,,,,,,,,,,,,,,,,,,,,,,,,,,
,,,,,,,,,,,,,,,,,,,,,,,,,,,,,,,,,,,,,,,,,,,,,
,,,,,,,,,,,,,,,,,,,,,,,,,,,,,,,,,,,,,,,,,,,,,
,,,,,,,,,,,,,,,,,,,,,,,,,,,,,,,,,,,,,,,,,,,,,
,,,,,,,,,,,,,,,,,,,,,,,,,,,,,,,,,,,,,,,,,,,,,
,,,,,,,,,,,,,,,,,,,,,,,,,,,,,,,,,,,,,,,,,,,,,
,,,,,,,,,,,,,,,,,,,,,,,,,,,,,,,,,,,,,,,,,,,,,
,,,,,,,,,,,,,,,,,,,,,,,,,,,,,,,,,,,,,,,,,,,,,
,,,,,,,,,,,,,,,,,,,,,,,,,,,,,,,,,,,,,,,,,,,,,
,,,,,,,,,,,,,,,,,,,,,,,,,,,,,,,,,,,,,,,,,,,,,
,,,,,,,,,,,,,,,,,,,,,,,,,,,,,,,,,,,,,,,,,,,,,
,,,,,,,,,,,,,,,,,,,,,,,,,,,,,,,,,,,,,,,,,,,,,
,,,,,,,,,,,,,,,,,,,,,,,,,,,,,,,,,,,,,,,,,,,,,
,,,,,,,,,,,,,,,,,,,,,,,,,,,,,,,,,,,,,,,,,,,,,
,,,,,,,,,,,,,,,,,,,,,,,,,,,,,,,,,,,,,,,,,,,,,
,,,,,,,,,,,,,,,,,,,,,,,,,,,,,,,,,,,,,,,,,,,,,
,,,,,,,,,,,,,,,,,,,,,,,,,,,,,,,,,,,,,,,,,,,,,
,,,,,,,,,,,,,,,,,,,,,,,,,,,,,,,,,,,,,,,,,,,,,
,,,,,,,,,,,,,,,,,,,,,,,,,,,,,,,,,,,,,,,,,,,,,
,,,,,,,,,,,,,,,,,,,,,,,,,,,,,,,,,,,,,,,,,,,,,
,,,,,,,,,,,,,,,,,,,,,,,,,,,,,,,,,,,,,,,,,,,,,
,,,,,,,,,,,,,,,,,,,,,,,,,,,,,,,,,,,,,,,,,,,,,
,,,,,,,,,,,,,,,,,,,,,,,,,,,,,,,,,,,,,,,,,,,,,
,,,,,,,,,,,,,,,,,,,,,,,,,,,,,,,,,,,,,,,,,,,,,
,,,,,,,,,,,,,,,,,,,,,,,,,,,,,,,,,,,,,,,,,,,,,
,,,,,,,,,,,,,,,,,,,,,,,,,,,,,,,,,,,,,,,,,,,,,
,,,,,,,,,,,,,,,,,,,,,,,,,,,,,,,,,,,,,,,,,,,,,
,,,,,,,,,,,,,,,,,,,,,,,,,,,,,,,,,,,,,,,,,,,,,
,,,,,,,,,,,,,,,,,,,,,,,,,,,,,,,,,,,,,,,,,,,,,
,,,,,,,,,,,,,,,,,,,,,,,,,,,,,,,,,,,,,,,,,,,,,
,,,,,,,,,,,,,,,,,,,,,,,,,,,,,,,,,,,,,,,,,,,,,
,,,,,,,,,,,,,,,,,,,,,,,,,,,,,,,,,,,,,,,,,,,,,
,,,,,,,,,,,,,,,,,,,,,,,,,,,,,,,,,,,,,,,,,,,,,
,,,,,,,,,,,,,,,,,,,,,,,,,,,,,,,,,,,,,,,,,,,,,
,,,,,,,,,,,,,,,,,,,,,,,,,,,,,,,,,,,,,,,,,,,,,
,,,,,,,,,,,,,,,,,,,,,,,,,,,,,,,,,,,,,,,,,,,,,
,,,,,,,,,,,,,,,,,,,,,,,,,,,,,,,,,,,,,,,,,,,,,
,,,,,,,,,,,,,,,,,,,,,,,,,,,,,,,,,,,,,,,,,,,,,
,,,,,,,,,,,,,,,,,,,,,,,,,,,,,,,,,,,,,,,,,,,,,
,,,,,,,,,,,,,,,,,,,,,,,,,,,,,,,,,,,,,,,,,,,,,
,,,,,,,,,,,,,,,,,,,,,,,,,,,,,,,,,,,,,,,,,,,,,
,,,,,,,,,,,,,,,,,,,,,,,,,,,,,,,,,,,,,,,,,,,,,
,,,,,,,,,,,,,,,,,,,,,,,,,,,,,,,,,,,,,,,,,,,,,
,,,,,,,,,,,,,,,,,,,,,,,,,,,,,,,,,,,,,,,,,,,,,
,,,,,,,,,,,,,,,,,,,,,,,,,,,,,,,,,,,,,,,,,,,,,
,,,,,,,,,,,,,,,,,,,,,,,,,,,,,,,,,,,,,,,,,,,,,
,,,,,,,,,,,,,,,,,,,,,,,,,,,,,,,,,,,,,,,,,,,,,
,,,,,,,,,,,,,,,,,,,,,,,,,,,,,,,,,,,,,,,,,,,,,
,,,,,,,,,,,,,,,,,,,,,,,,,,,,,,,,,,,,,,,,,,,,,
,,,,,,,,,,,,,,,,,,,,,,,,,,,,,,,,,,,,,,,,,,,,,
,,,,,,,,,,,,,,,,,,,,,,,,,,,,,,,,,,,,,,,,,,,,,
,,,,,,,,,,,,,,,,,,,,,,,,,,,,,,,,,,,,,,,,,,,,,
,,,,,,,,,,,,,,,,,,,,,,,,,,,,,,,,,,,,,,,,,,,,,
,,,,,,,,,,,,,,,,,,,,,,,,,,,,,,,,,,,,,,,,,,,,,
,,,,,,,,,,,,,,,,,,,,,,,,,,,,,,,,,,,,,,,,,,,,,
,,,,,,,,,,,,,,,,,,,,,,,,,,,,,,,,,,,,,,,,,,,,,
,,,,,,,,,,,,,,,,,,,,,,,,,,,,,,,,,,,,,,,,,,,,,
,,,,,,,,,,,,,,,,,,,,,,,,,,,,,,,,,,,,,,,,,,,,,
,,,,,,,,,,,,,,,,,,,,,,,,,,,,,,,,,,,,,,,,,,,,,
,,,,,,,,,,,,,,,,,,,,,,,,,,,,,,,,,,,,,,,,,,,,,
,,,,,,,,,,,,,,,,,,,,,,,,,,,,,,,,,,,,,,,,,,,,,
,,,,,,,,,,,,,,,,,,,,,,,,,,,,,,,,,,,,,,,,,,,,,
,,,,,,,,,,,,,,,,,,,,,,,,,,,,,,,,,,,,,,,,,,,,,
,,,,,,,,,,,,,,,,,,,,,,,,,,,,,,,,,,,,,,,,,,,,,
,,,,,,,,,,,,,,,,,,,,,,,,,,,,,,,,,,,,,,,,,,,,,
,,,,,,,,,,,,,,,,,,,,,,,,,,,,,,,,,,,,,,,,,,,,,
,,,,,,,,,,,,,,,,,,,,,,,,,,,,,,,,,,,,,,,,,,,,,
,,,,,,,,,,,,,,,,,,,,,,,,,,,,,,,,,,,,,,,,,,,,,
,,,,,,,,,,,,,,,,,,,,,,,,,,,,,,,,,,,,,,,,,,,,,
,,,,,,,,,,,,,,,,,,,,,,,,,,,,,,,,,,,,,,,,,,,,,
,,,,,,,,,,,,,,,,,,,,,,,,,,,,,,,,,,,,,,,,,,,,,
,,,,,,,,,,,,,,,,,,,,,,,,,,,,,,,,,,,,,,,,,,,,,
,,,,,,,,,,,,,,,,,,,,,,,,,,,,,,,,,,,,,,,,,,,,,
,,,,,,,,,,,,,,,,,,,,,,,,,,,,,,,,,,,,,,,,,,,,,
,,,,,,,,,,,,,,,,,,,,,,,,,,,,,,,,,,,,,,,,,,,,,
,,,,,,,,,,,,,,,,,,,,,,,,,,,,,,,,,,,,,,,,,,,,,
,,,,,,,,,,,,,,,,,,,,,,,,,,,,,,,,,,,,,,,,,,,,,
,,,,,,,,,,,,,,,,,,,,,,,,,,,,,,,,,,,,,,,,,,,,,
,,,,,,,,,,,,,,,,,,,,,,,,,,,,,,,,,,,,,,,,,,,,,
,,,,,,,,,,,,,,,,,,,,,,,,,,,,,,,,,,,,,,,,,,,,,
,,,,,,,,,,,,,,,,,,,,,,,,,,,,,,,,,,,,,,,,,,,,,
,,,,,,,,,,,,,,,,,,,,,,,,,,,,,,,,,,,,,,,,,,,,,
,,,,,,,,,,,,,,,,,,,,,,,,,,,,,,,,,,,,,,,,,,,,,
,,,,,,,,,,,,,,,,,,,,,,,,,,,,,,,,,,,,,,,,,,,,,
,,,,,,,,,,,,,,,,,,,,,,,,,,,,,,,,,,,,,,,,,,,,,
,,,,,,,,,,,,,,,,,,,,,,,,,,,,,,,,,,,,,,,,,,,,,
,,,,,,,,,,,,,,,,,,,,,,,,,,,,,,,,,,,,,,,,,,,,,
,,,,,,,,,,,,,,,,,,,,,,,,,,,,,,,,,,,,,,,,,,,,,
,,,,,,,,,,,,,,,,,,,,,,,,,,,,,,,,,,,,,,,,,,,,,
,,,,,,,,,,,,,,,,,,,,,,,,,,,,,,,,,,,,,,,,,,,,,
,,,,,,,,,,,,,,,,,,,,,,,,,,,,,,,,,,,,,,,,,,,,,
,,,,,,,,,,,,,,,,,,,,,,,,,,,,,,,,,,,,,,,,,,,,,
,,,,,,,,,,,,,,,,,,,,,,,,,,,,,,,,,,,,,,,,,,,,,
,,,,,,,,,,,,,,,,,,,,,,,,,,,,,,,,,,,,,,,,,,,,,
,,,,,,,,,,,,,,,,,,,,,,,,,,,,,,,,,,,,,,,,,,,,,
,,,,,,,,,,,,,,,,,,,,,,,,,,,,,,,,,,,,,,,,,,,,,
,,,,,,,,,,,,,,,,,,,,,,,,,,,,,,,,,,,,,,,,,,,,,
,,,,,,,,,,,,,,,,,,,,,,,,,,,,,,,,,,,,,,,,,,,,,
,,,,,,,,,,,,,,,,,,,,,,,,,,,,,,,,,,,,,,,,,,,,,
,,,,,,,,,,,,,,,,,,,,,,,,,,,,,,,,,,,,,,,,,,,,,
,,,,,,,,,,,,,,,,,,,,,,,,,,,,,,,,,,,,,,,,,,,,,
,,,,,,,,,,,,,,,,,,,,,,,,,,,,,,,,,,,,,,,,,,,,,
,,,,,,,,,,,,,,,,,,,,,,,,,,,,,,,,,,,,,,,,,,,,,
,,,,,,,,,,,,,,,,,,,,,,,,,,,,,,,,,,,,,,,,,,,,,
,,,,,,,,,,,,,,,,,,,,,,,,,,,,,,,,,,,,,,,,,,,,,
,,,,,,,,,,,,,,,,,,,,,,,,,,,,,,,,,,,,,,,,,,,,,
,,,,,,,,,,,,,,,,,,,,,,,,,,,,,,,,,,,,,,,,,,,,,
,,,,,,,,,,,,,,,,,,,,,,,,,,,,,,,,,,,,,,,,,,,,,
,,,,,,,,,,,,,,,,,,,,,,,,,,,,,,,,,,,,,,,,,,,,,
,,,,,,,,,,,,,,,,,,,,,,,,,,,,,,,,,,,,,,,,,,,,,
,,,,,,,,,,,,,,,,,,,,,,,,,,,,,,,,,,,,,,,,,,,,,
,,,,,,,,,,,,,,,,,,,,,,,,,,,,,,,,,,,,,,,,,,,,,
,,,,,,,,,,,,,,,,,,,,,,,,,,,,,,,,,,,,,,,,,,,,,
,,,,,,,,,,,,,,,,,,,,,,,,,,,,,,,,,,,,,,,,,,,,,
,,,,,,,,,,,,,,,,,,,,,,,,,,,,,,,,,,,,,,,,,,,,,
,,,,,,,,,,,,,,,,,,,,,,,,,,,,,,,,,,,,,,,,,,,,,
,,,,,,,,,,,,,,,,,,,,,,,,,,,,,,,,,,,,,,,,,,,,,
,,,,,,,,,,,,,,,,,,,,,,,,,,,,,,,,,,,,,,,,,,,,,
,,,,,,,,,,,,,,,,,,,,,,,,,,,,,,,,,,,,,,,,,,,,,
,,,,,,,,,,,,,,,,,,,,,,,,,,,,,,,,,,,,,,,,,,,,,
,,,,,,,,,,,,,,,,,,,,,,,,,,,,,,,,,,,,,,,,,,,,,
,,,,,,,,,,,,,,,,,,,,,,,,,,,,,,,,,,,,,,,,,,,,,
,,,,,,,,,,,,,,,,,,,,,,,,,,,,,,,,,,,,,,,,,,,,,
,,,,,,,,,,,,,,,,,,,,,,,,,,,,,,,,,,,,,,,,,,,,,
,,,,,,,,,,,,,,,,,,,,,,,,,,,,,,,,,,,,,,,,,,,,,
,,,,,,,,,,,,,,,,,,,,,,,,,,,,,,,,,,,,,,,,,,,,,
,,,,,,,,,,,,,,,,,,,,,,,,,,,,,,,,,,,,,,,,,,,,,
,,,,,,,,,,,,,,,,,,,,,,,,,,,,,,,,,,,,,,,,,,,,,
,,,,,,,,,,,,,,,,,,,,,,,,,,,,,,,,,,,,,,,,,,,,,
,,,,,,,,,,,,,,,,,,,,,,,,,,,,,,,,,,,,,,,,,,,,,
,,,,,,,,,,,,,,,,,,,,,,,,,,,,,,,,,,,,,,,,,,,,,
,,,,,,,,,,,,,,,,,,,,,,,,,,,,,,,,,,,,,,,,,,,,,
,,,,,,,,,,,,,,,,,,,,,,,,,,,,,,,,,,,,,,,,,,,,,
,,,,,,,,,,,,,,,,,,,,,,,,,,,,,,,,,,,,,,,,,,,,,
,,,,,,,,,,,,,,,,,,,,,,,,,,,,,,,,,,,,,,,,,,,,,
,,,,,,,,,,,,,,,,,,,,,,,,,,,,,,,,,,,,,,,,,,,,,
,,,,,,,,,,,,,,,,,,,,,,,,,,,,,,,,,,,,,,,,,,,,,
,,,,,,,,,,,,,,,,,,,,,,,,,,,,,,,,,,,,,,,,,,,,,
,,,,,,,,,,,,,,,,,,,,,,,,,,,,,,,,,,,,,,,,,,,,,
,,,,,,,,,,,,,,,,,,,,,,,,,,,,,,,,,,,,,,,,,,,,,
,,,,,,,,,,,,,,,,,,,,,,,,,,,,,,,,,,,,,,,,,,,,,
,,,,,,,,,,,,,,,,,,,,,,,,,,,,,,,,,,,,,,,,,,,,,
,,,,,,,,,,,,,,,,,,,,,,,,,,,,,,,,,,,,,,,,,,,,,
,,,,,,,,,,,,,,,,,,,,,,,,,,,,,,,,,,,,,,,,,,,,,
,,,,,,,,,,,,,,,,,,,,,,,,,,,,,,,,,,,,,,,,,,,,,
,,,,,,,,,,,,,,,,,,,,,,,,,,,,,,,,,,,,,,,,,,,,,
,,,,,,,,,,,,,,,,,,,,,,,,,,,,,,,,,,,,,,,,,,,,,
,,,,,,,,,,,,,,,,,,,,,,,,,,,,,,,,,,,,,,,,,,,,,
,,,,,,,,,,,,,,,,,,,,,,,,,,,,,,,,,,,,,,,,,,,,,
